Date,Open,High,Low,Close,Adj Close,Volume
2019-04-10,242315.0,242315.0,242315.0,242315.0,242315.0,0.0
2019-04-11,241075.0,241075.0,241075.0,241075.0,241075.0,0.0
2019-04-12,241075.0,241075.0,241075.0,241075.0,241075.0,0.0
2019-04-15,241075.0,241075.0,241075.0,241075.0,241075.0,0.0
2019-04-16,241075.0,241075.0,241075.0,241075.0,241075.0,0.0
2019-04-17,213980.0,213980.0,213980.0,213980.0,213980.0,0.0
2019-04-18,213980.0,213980.0,213980.0,213980.0,213980.0,0.0
2019-04-22,203285.0,203285.0,203285.0,203285.0,203285.0,0.0
2019-04-23,203285.0,203285.0,203285.0,203285.0,203285.0,0.0
2019-04-24,210435.0,210435.0,210435.0,210435.0,210435.0,0.0
2019-04-25,210435.0,210435.0,210435.0,210435.0,210435.0,0.0
2019-04-26,219700.0,219700.0,217515.0,217515.0,217515.0,0.0
2019-04-29,217515.0,217515.0,217515.0,217515.0,217515.0,0.0
2019-04-30,217515.0,217515.0,217515.0,217515.0,217515.0,0.0
2019-05-01,220550.0,230395.0,220550.0,230395.0,230395.0,0.0
2019-05-02,243700.0,244310.0,241300.0,244310.0,244310.0,0.0
2019-05-03,232900.0,235240.0,232900.0,235240.0,235240.0,0.0
2019-05-06,235240.0,235240.0,235240.0,235240.0,235240.0,0.0
2019-05-07,242025.0,242025.0,242025.0,242025.0,242025.0,0.0
2019-05-08,242025.0,242025.0,242025.0,242025.0,242025.0,0.0
2019-05-09,253130.0,253130.0,253130.0,253130.0,253130.0,0.0
2019-05-10,252250.0,260650.0,252250.0,253290.0,253290.0,0.0
2019-05-13,261550.0,264145.0,261350.0,264145.0,264145.0,0.0
2019-05-14,253700.0,254050.0,253700.0,254050.0,254050.0,0.0
2019-05-15,260950.0,261350.0,252385.0,252385.0,252385.0,0.0
2019-05-16,252385.0,252385.0,252385.0,252385.0,252385.0,0.0
2019-05-17,249600.0,254720.0,249600.0,254720.0,254720.0,0.0
2019-05-20,254720.0,254720.0,254720.0,254720.0,254720.0,0.0
2019-05-21,254720.0,254720.0,254720.0,254720.0,254720.0,0.0
2019-05-22,248750.0,256715.0,248000.0,256715.0,256715.0,0.0
2019-05-23,281750.0,284500.0,281750.0,283360.0,283360.0,0.0
2019-05-24,283360.0,283360.0,283360.0,283360.0,283360.0,0.0
2019-05-28,283360.0,283360.0,283360.0,283360.0,283360.0,0.0
2019-05-29,299600.0,301775.0,290270.0,290270.0,290270.0,0.0
2019-05-30,290270.0,290270.0,290270.0,290270.0,290270.0,0.0
2019-05-31,313950.0,322315.0,313870.0,322315.0,322315.0,0.0
2019-06-03,313300.0,318600.0,310500.0,313915.0,313915.0,1.0
2019-06-04,297340.0,297340.0,297340.0,297340.0,297340.0,0.0
2019-06-05,297340.0,297340.0,297340.0,297340.0,297340.0,0.0
2019-06-06,305450.0,305450.0,294970.0,294970.0,294970.0,0.0
2019-06-07,292000.0,295390.0,292000.0,295390.0,295390.0,0.0
2019-06-10,290345.0,290345.0,290345.0,290345.0,290345.0,0.0
2019-06-11,287250.0,287525.0,287250.0,287525.0,287525.0,0.0
2019-06-12,287525.0,287525.0,287525.0,287525.0,287525.0,0.0
2019-06-13,287500.0,288500.0,284750.0,287405.0,287405.0,0.0
2019-06-14,289050.0,291050.0,289050.0,289580.0,289580.0,0.0
2019-06-17,283695.0,283695.0,283695.0,283695.0,283695.0,0.0
2019-06-18,271235.0,271235.0,271235.0,271235.0,271235.0,0.0
2019-06-19,276150.0,276150.0,271005.0,271005.0,271005.0,0.0
2019-06-20,271005.0,271005.0,271005.0,271005.0,271005.0,0.0
2019-06-21,271005.0,271005.0,271005.0,271005.0,271005.0,0.0
2019-06-24,271005.0,271005.0,271005.0,271005.0,271005.0,0.0
2019-06-25,257050.0,259425.0,257050.0,259425.0,259425.0,0.0
2019-06-26,259425.0,259425.0,259425.0,259425.0,259425.0,0.0
2019-06-27,240950.0,245375.0,239900.0,245375.0,245375.0,0.0
2019-06-28,244000.0,244000.0,236270.0,236270.0,236270.0,0.0
2019-07-01,236270.0,236270.0,236270.0,236270.0,236270.0,0.0
2019-07-02,252700.0,254120.0,252700.0,254120.0,254120.0,0.0
2019-07-03,254120.0,254120.0,254120.0,254120.0,254120.0,0.0
2019-07-05,254120.0,254120.0,254120.0,254120.0,254120.0,0.0
2019-07-08,254120.0,254120.0,254120.0,254120.0,254120.0,0.0
2019-07-09,247885.0,247885.0,247885.0,247885.0,247885.0,0.0
2019-07-10,247885.0,247885.0,247885.0,247885.0,247885.0,0.0
2019-07-11,247885.0,247885.0,247885.0,247885.0,247885.0,0.0
2019-07-12,231950.0,231950.0,230250.0,230250.0,230250.0,0.0
2019-07-15,236665.0,236665.0,236665.0,236665.0,236665.0,0.0
2019-07-16,236665.0,236665.0,236665.0,236665.0,236665.0,0.0
2019-07-17,245550.0,246305.0,245550.0,246305.0,246305.0,0.0
2019-07-18,250300.0,250300.0,244425.0,244425.0,244425.0,0.0
2019-07-19,243200.0,243200.0,238105.0,238105.0,238105.0,0.0
2019-07-22,238105.0,238105.0,238105.0,238105.0,238105.0,0.0
2019-07-23,238105.0,238105.0,238105.0,238105.0,238105.0,0.0
2019-07-24,238105.0,238105.0,238105.0,238105.0,238105.0,0.0
2019-07-25,238105.0,238105.0,238105.0,238105.0,238105.0,0.0
2019-07-26,238105.0,238105.0,238105.0,238105.0,238105.0,0.0
2019-07-29,238105.0,238105.0,238105.0,238105.0,238105.0,0.0
2019-07-30,236070.0,236070.0,236070.0,236070.0,236070.0,0.0
2019-07-31,236070.0,236070.0,236070.0,236070.0,236070.0,0.0
2019-08-01,243300.0,252915.0,241750.0,252915.0,252915.0,0.0
2019-08-02,263150.0,265050.0,263150.0,265050.0,265050.0,0.0
2019-08-05,292750.0,294045.0,292750.0,294045.0,294045.0,0.0
2019-08-06,298245.0,298245.0,298245.0,298245.0,298245.0,0.0
2019-08-07,311850.0,311850.0,306350.0,306350.0,306350.0,0.0
2019-08-08,280225.0,280225.0,280225.0,280225.0,280225.0,0.0
2019-08-09,287805.0,287805.0,287805.0,287805.0,287805.0,0.0
2019-08-12,304600.0,305110.0,304200.0,305110.0,305110.0,1.0
2019-08-13,294520.0,294520.0,294520.0,294520.0,294520.0,0.0
2019-08-14,312050.0,326710.0,312050.0,326710.0,326710.0,0.0
2019-08-15,327700.0,336100.0,325000.0,325785.0,325785.0,1.0
2019-08-16,316900.0,318300.0,311015.0,311015.0,311015.0,0.0
2019-08-19,294850.0,299200.0,285680.0,285680.0,285680.0,3.0
2019-08-20,292600.0,296775.0,292600.0,296775.0,296775.0,0.0
2019-08-21,289850.0,289850.0,287800.0,288620.0,288620.0,0.0
2019-08-22,293100.0,294760.0,293100.0,294760.0,294760.0,0.0
2019-08-23,305400.0,335475.0,302750.0,335475.0,335475.0,0.0
2019-08-26,329350.0,331200.0,326950.0,329255.0,329255.0,0.0
2019-08-27,338550.0,338550.0,338355.0,338355.0,338355.0,0.0
2019-08-28,323250.0,323250.0,320365.0,320365.0,320365.0,0.0
2019-08-29,320365.0,320365.0,320365.0,320365.0,320365.0,0.0
2019-08-30,298595.0,298595.0,298595.0,298595.0,298595.0,0.0
2019-09-03,301580.0,301580.0,301580.0,301580.0,301580.0,0.0
2019-09-04,287795.0,287795.0,287600.0,287600.0,287600.0,0.0
2019-09-05,274565.0,274565.0,274455.0,274455.0,274455.0,0.0
2019-09-06,271705.0,271705.0,271705.0,271705.0,271705.0,0.0
2019-09-09,257055.0,257055.0,257055.0,257055.0,257055.0,0.0
2019-09-10,257055.0,257055.0,257055.0,257055.0,257055.0,0.0
2019-09-11,243695.0,243695.0,243695.0,243695.0,243695.0,0.0
2019-09-12,250150.0,250255.0,250150.0,250255.0,250255.0,0.0
2019-09-13,250255.0,250255.0,250255.0,250255.0,250255.0,0.0
2019-09-16,250255.0,250255.0,250255.0,250255.0,250255.0,0.0
2019-09-17,229540.0,229540.0,226990.0,226990.0,226990.0,0.0
2019-09-18,231800.0,231800.0,230895.0,230895.0,230895.0,0.0
2019-09-19,230895.0,230895.0,230895.0,230895.0,230895.0,0.0
2019-09-20,230895.0,230895.0,230895.0,230895.0,230895.0,0.0
2019-09-23,229920.0,229920.0,229920.0,229920.0,229920.0,0.0
2019-09-24,229920.0,229920.0,229920.0,229920.0,229920.0,0.0
2019-09-25,235770.0,236700.0,234815.0,234815.0,234815.0,0.0
2019-09-26,234815.0,234815.0,234815.0,234815.0,234815.0,0.0
2019-09-27,234815.0,234815.0,234815.0,234815.0,234815.0,0.0
2019-09-30,234815.0,234815.0,234815.0,234815.0,234815.0,0.0
2019-10-01,234815.0,234815.0,234815.0,234815.0,234815.0,0.0
2019-10-02,234815.0,234815.0,234815.0,234815.0,234815.0,0.0
2019-10-03,269630.0,269630.0,269630.0,269630.0,269630.0,0.0
2019-10-04,269630.0,269630.0,269630.0,269630.0,269630.0,0.0
2019-10-07,269630.0,269630.0,269630.0,269630.0,269630.0,0.0
2019-10-08,269630.0,269630.0,269630.0,269630.0,269630.0,0.0
2019-10-09,269630.0,269630.0,269630.0,269630.0,269630.0,0.0
2019-10-10,255100.0,255100.0,250035.0,250035.0,250035.0,0.0
2019-10-11,237550.0,239500.0,237550.0,239500.0,239500.0,0.0
2019-10-14,239500.0,239500.0,239500.0,239500.0,239500.0,0.0
2019-10-15,239500.0,239500.0,239500.0,239500.0,239500.0,0.0
2019-10-16,239500.0,239500.0,239500.0,239500.0,239500.0,0.0
2019-10-17,245700.0,248115.0,245700.0,248115.0,248115.0,0.0
2019-10-18,248115.0,248115.0,248115.0,248115.0,248115.0,0.0
2019-10-21,248115.0,248115.0,248115.0,248115.0,248115.0,0.0
2019-10-22,248115.0,248115.0,248115.0,248115.0,248115.0,0.0
2019-10-23,248115.0,248115.0,248115.0,248115.0,248115.0,0.0
2019-10-24,248115.0,248115.0,248115.0,248115.0,248115.0,0.0
2019-10-25,212535.0,212535.0,212535.0,212535.0,212535.0,0.0
2019-10-28,212535.0,212535.0,212535.0,212535.0,212535.0,0.0
2019-10-29,212535.0,212535.0,212535.0,212535.0,212535.0,0.0
2019-10-30,217550.0,228040.0,217550.0,228040.0,228040.0,0.0
2019-10-31,237750.0,237750.0,231975.0,231975.0,231975.0,0.0
2019-11-01,231975.0,231975.0,231975.0,231975.0,231975.0,0.0
2019-11-04,231975.0,231975.0,231975.0,231975.0,231975.0,0.0
2019-11-05,231975.0,231975.0,231975.0,231975.0,231975.0,0.0
2019-11-06,198650.0,208400.0,196300.0,207610.0,207610.0,1.0
2019-11-07,196650.0,196900.0,195015.0,195015.0,195015.0,0.0
2019-11-08,195015.0,195015.0,195015.0,195015.0,195015.0,0.0
2019-11-11,195015.0,195015.0,195015.0,195015.0,195015.0,0.0
2019-11-12,195015.0,195015.0,195015.0,195015.0,195015.0,0.0
2019-11-13,195015.0,195015.0,195015.0,195015.0,195015.0,0.0
2019-11-14,195015.0,195015.0,195015.0,195015.0,195015.0,0.0
2019-11-15,205435.0,205435.0,205435.0,205435.0,205435.0,0.0
2019-11-18,205435.0,205435.0,205435.0,205435.0,205435.0,0.0
2019-11-19,205435.0,205435.0,205435.0,205435.0,205435.0,0.0
2019-11-20,214050.0,216800.0,214050.0,215215.0,215215.0,0.0
2019-11-21,215215.0,215215.0,215215.0,215215.0,215215.0,0.0
2019-11-22,207000.0,211830.0,207000.0,211830.0,211830.0,0.0
2019-11-25,211830.0,211830.0,211830.0,211830.0,211830.0,0.0
2019-11-26,211830.0,211830.0,211830.0,211830.0,211830.0,0.0
2019-11-27,211830.0,211830.0,211830.0,211830.0,211830.0,0.0
2019-11-29,211830.0,211830.0,211830.0,211830.0,211830.0,0.0
2019-12-02,225295.0,225295.0,225295.0,225295.0,225295.0,0.0
2019-12-03,225295.0,225295.0,225295.0,225295.0,225295.0,0.0
2019-12-04,225295.0,225295.0,225295.0,225295.0,225295.0,0.0
2019-12-05,231000.0,231000.0,230420.0,230420.0,230420.0,0.0
2019-12-06,230420.0,230420.0,230420.0,230420.0,230420.0,0.0
2019-12-09,230420.0,230420.0,230420.0,230420.0,230420.0,0.0
2019-12-10,213650.0,217405.0,213650.0,217405.0,217405.0,0.0
2019-12-11,220740.0,220740.0,220740.0,220740.0,220740.0,0.0
2019-12-12,208400.0,208400.0,205720.0,205720.0,205720.0,0.0
2019-12-13,211205.0,211205.0,211205.0,211205.0,211205.0,0.0
2019-12-16,198965.0,198965.0,198965.0,198965.0,198965.0,0.0
2019-12-17,197500.0,197500.0,197500.0,197500.0,197500.0,0.0
2019-12-18,195575.0,195575.0,195575.0,195575.0,195575.0,0.0
2019-12-19,196715.0,196715.0,196715.0,196715.0,196715.0,0.0
2019-12-20,190400.0,190400.0,190400.0,190400.0,190400.0,0.0
2019-12-23,185950.0,185950.0,185950.0,185950.0,185950.0,0.0
2019-12-24,185950.0,185950.0,185950.0,185950.0,185950.0,0.0
2019-12-26,185950.0,185950.0,185950.0,185950.0,185950.0,0.0
2019-12-27,187330.0,187330.0,187330.0,187330.0,187330.0,0.0
2019-12-30,190070.0,190070.0,190070.0,190070.0,190070.0,0.0
2019-12-31,190070.0,190070.0,190070.0,190070.0,190070.0,0.0
2020-01-02,177540.0,177540.0,177540.0,177540.0,177540.0,0.0
2020-01-03,180020.0,180020.0,180020.0,180020.0,180020.0,0.0
2020-01-06,173505.0,173505.0,173505.0,173505.0,173505.0,0.0
2020-01-07,173505.0,173505.0,173505.0,173505.0,173505.0,0.0
2020-01-08,173505.0,173505.0,173505.0,173505.0,173505.0,0.0
2020-01-09,182150.0,182150.0,176550.0,176550.0,176550.0,0.0
2020-01-10,178130.0,178130.0,178130.0,178130.0,178130.0,0.0
2020-01-13,178130.0,178130.0,178130.0,178130.0,178130.0,0.0
2020-01-14,178130.0,178130.0,178130.0,178130.0,178130.0,0.0
2020-01-15,178130.0,178130.0,178130.0,178130.0,178130.0,0.0
2020-01-16,178130.0,178130.0,178130.0,178130.0,178130.0,0.0
2020-01-17,178130.0,178130.0,178130.0,178130.0,178130.0,0.0
2020-01-21,178130.0,178130.0,178130.0,178130.0,178130.0,0.0
2020-01-22,201390.0,201390.0,201390.0,201390.0,201390.0,0.0
2020-01-23,206515.0,206515.0,206515.0,206515.0,206515.0,0.0
2020-01-24,213525.0,213525.0,213525.0,213525.0,213525.0,0.0
2020-01-27,233870.0,233870.0,233870.0,233870.0,233870.0,0.0
2020-01-28,233870.0,233870.0,233870.0,233870.0,233870.0,0.0
2020-01-29,233870.0,233870.0,233870.0,233870.0,233870.0,0.0
2020-01-30,245400.0,245400.0,233340.0,233340.0,233340.0,0.0
2020-01-31,247350.0,257250.0,247350.0,255445.0,255445.0,0.0
2020-02-03,266350.0,269860.0,266350.0,269860.0,269860.0,0.0
2020-02-04,257365.0,264930.0,257365.0,264930.0,264930.0,0.0
2020-02-05,233130.0,233130.0,233130.0,233130.0,233130.0,0.0
2020-02-06,238325.0,241125.0,237800.0,241125.0,241125.0,0.0
2020-02-07,248345.0,248345.0,248345.0,248345.0,248345.0,0.0
2020-02-10,255150.0,256000.0,253000.0,253000.0,253000.0,1.0
2020-02-11,242170.0,242170.0,242170.0,242170.0,242170.0,0.0
2020-02-12,228230.0,228230.0,228230.0,228230.0,228230.0,0.0
2020-02-13,228945.0,228945.0,228945.0,228945.0,228945.0,0.0
2020-02-14,233320.0,233320.0,233320.0,233320.0,233320.0,0.0
2020-02-18,239345.0,239345.0,239345.0,239345.0,239345.0,0.0
2020-02-19,223835.0,223835.0,223835.0,223835.0,223835.0,0.0
2020-02-20,221000.0,221200.0,218890.0,218890.0,218890.0,0.0
2020-02-21,218890.0,218890.0,218890.0,218890.0,218890.0,0.0
2020-02-24,253550.0,259865.0,253450.0,259865.0,259865.0,0.0
2020-02-25,297720.0,297720.0,297720.0,297720.0,297720.0,0.0
2020-02-26,328405.0,328405.0,328405.0,328405.0,328405.0,0.0
2020-02-27,383450.0,383815.0,365050.0,383815.0,383815.0,0.0
2020-02-28,426300.0,426300.0,377560.0,377560.0,377560.0,0.0
2020-03-02,356350.0,396650.0,352505.0,352505.0,352505.0,0.0
2020-03-03,382300.0,382300.0,375865.0,375865.0,375865.0,0.0
2020-03-04,370000.0,379800.0,357550.0,357550.0,357550.0,0.0
2020-03-05,396750.0,407605.0,396750.0,407605.0,407605.0,0.0
2020-03-06,479675.0,479675.0,479675.0,479675.0,479675.0,0.0
2020-03-09,769200.0,810585.0,769100.0,810585.0,810585.0,0.0
2020-03-10,875950.0,875950.0,634355.0,634355.0,634355.0,0.0
2020-03-11,751200.0,808150.0,747500.0,793020.0,793020.0,0.0
2020-03-12,1033600.0,1126265.0,1033600.0,1126265.0,1126265.0,0.0
2020-03-13,1109950.0,1109950.0,1087600.0,1087600.0,1087600.0,0.0
2020-03-16,1087600.0,1087600.0,1087600.0,1087600.0,1087600.0,0.0
2020-03-17,1131140.0,1131140.0,1131140.0,1131140.0,1131140.0,0.0
2020-03-18,1336190.0,1523600.0,1336190.0,1448980.0,1448980.0,0.0
2020-03-19,1320500.0,1385900.0,1186650.0,1242100.0,1242100.0,0.0
2020-03-20,1091695.0,1091695.0,1091695.0,1091695.0,1091695.0,0.0
2020-03-23,1347650.0,1347650.0,1331595.0,1331595.0,1331595.0,0.0
2020-03-24,890900.0,932500.0,826675.0,826675.0,826675.0,0.0
2020-03-25,664950.0,739450.0,531600.0,608955.0,608955.0,0.0
2020-03-26,518950.0,535150.0,500350.0,502625.0,502625.0,0.0
2020-03-27,611300.0,611300.0,581250.0,592275.0,592275.0,0.0
2020-03-30,587705.0,587705.0,580825.0,580825.0,580825.0,0.0
2020-03-31,552685.0,552685.0,552685.0,552685.0,552685.0,0.0
2020-04-01,648000.0,656590.0,648000.0,656590.0,656590.0,0.0
2020-04-02,556650.0,571150.0,399800.0,476750.0,476750.0,2.0
2020-04-03,425050.0,502000.0,425000.0,497115.0,497115.0,0.0
2020-04-06,490500.0,490500.0,409075.0,409075.0,409075.0,0.0
2020-04-07,360000.0,391400.0,360000.0,390050.0,390050.0,0.0
2020-04-08,390050.0,390050.0,390050.0,390050.0,390050.0,0.0
2020-04-09,287450.0,335700.0,247150.0,306280.0,306280.0,1.0
2020-04-13,306865.0,316700.0,288550.0,304400.0,304400.0,1.0
2020-04-14,315200.0,323545.0,301640.0,317045.0,317045.0,1.0
2020-04-15,370550.0,401950.0,370300.0,378390.0,378390.0,3.0
2020-04-16,435600.0,440615.0,435600.0,440615.0,440615.0,0.0
2020-04-17,328300.0,328300.0,299300.0,305130.0,305130.0,1.0
2020-04-20,344050.0,350350.0,286400.0,309945.0,309945.0,2.0
2020-04-21,350000.0,350000.0,318340.0,320565.0,320565.0,1.0
2020-04-22,266320.0,290750.0,266320.0,274915.0,274915.0,1.0
2020-04-23,246450.0,262060.0,225050.0,247315.0,247315.0,1.0
2020-04-24,250250.0,261400.0,248615.0,248615.0,248615.0,1.0
2020-04-27,239015.0,239015.0,219850.0,223255.0,223255.0,1.0
2020-04-28,206250.0,208400.0,200725.0,200725.0,200725.0,0.0
2020-04-29,200000.0,200000.0,145780.0,145780.0,145780.0,3.0
2020-04-30,153350.0,160250.0,139305.0,149610.0,149610.0,3.0
2020-05-01,169250.0,182600.0,164530.0,182600.0,182600.0,3.0
2020-05-04,196250.0,196250.0,154975.0,156250.0,156250.0,3.0
2020-05-05,129000.0,157465.0,129000.0,154800.0,154800.0,4.0
2020-05-06,151040.0,171545.0,149875.0,171545.0,171545.0,4.0
2020-05-07,146470.0,159850.0,140500.0,155880.0,155880.0,4.0
2020-05-08,145000.0,145545.0,130600.0,131100.0,131100.0,3.0
2020-05-11,137650.0,139250.0,133500.0,137105.0,137105.0,2.0
2020-05-12,135850.0,146950.0,134550.0,146700.0,146700.0,2.0
2020-05-13,153250.0,170950.0,153250.0,168295.0,168295.0,5.0
2020-05-14,175500.0,191800.0,156800.0,165235.0,165235.0,6.0
2020-05-15,160200.0,164300.0,152500.0,163480.0,163480.0,1.0
2020-05-18,132500.0,132500.0,115000.0,115600.0,115600.0,7.0
2020-05-19,118350.0,125500.0,116810.0,125500.0,125500.0,4.0
2020-05-20,119800.0,119800.0,108500.0,110000.0,110000.0,9.0
2020-05-21,111330.0,117550.0,108800.0,115575.0,115575.0,6.0
2020-05-22,120000.0,124250.0,117150.0,117200.0,117200.0,5.0
2020-05-26,107200.0,109500.0,103050.0,109495.0,109495.0,7.0
2020-05-27,102200.0,113960.0,102200.0,105420.0,105420.0,3.0
2020-05-28,106550.0,115500.0,106550.0,114320.0,114320.0,3.0
2020-05-29,119350.0,123550.0,115425.0,119025.0,119025.0,4.0
2020-06-01,122000.0,122000.0,110750.0,110825.0,110825.0,2.0
2020-06-02,104400.0,104400.0,98550.0,98750.0,98750.0,7.0
2020-06-03,92400.0,94800.0,89000.0,89930.0,89930.0,4.0
2020-06-04,93150.0,96250.0,89075.0,90550.0,90550.0,3.0
2020-06-05,73800.0,73800.0,62750.0,63850.0,63850.0,33.0
2020-06-08,60000.0,60950.0,53600.0,54125.0,54125.0,21.0
2020-06-09,61450.0,64550.0,59400.0,60465.0,60465.0,20.0
2020-06-10,62650.0,70550.0,62650.0,70415.0,70415.0,32.0
2020-06-11,88950.0,92550.0,79500.0,92150.0,92150.0,39.0
2020-06-12,75000.0,90650.0,74800.0,82775.0,82775.0,34.0
2020-06-15,95000.0,97500.0,80900.0,82500.0,82500.0,26.0
2020-06-16,69250.0,81750.0,68200.0,74000.0,74000.0,15.0
2020-06-17,75125.0,82900.0,75125.0,82900.0,82900.0,14.0
2020-06-18,85700.0,86490.0,74650.0,77500.0,77500.0,12.0
2020-06-19,69550.0,79300.0,69550.0,79150.0,79150.0,14.0
2020-06-22,83000.0,84270.0,77850.0,78350.0,78350.0,6.0
2020-06-23,75450.0,78250.0,74450.0,77850.0,77850.0,5.0
2020-06-24,80800.0,93225.0,80800.0,92750.0,92750.0,17.0
2020-06-25,94150.0,96700.0,85600.0,86000.0,86000.0,28.0
2020-06-26,86800.0,96345.0,86800.0,95000.0,95000.0,22.0
2020-06-29,94500.0,95500.0,89550.0,91250.0,91250.0,11.0
2020-06-30,92100.0,95700.0,81800.0,83165.0,83165.0,9.0
2020-07-01,83000.0,90750.0,78800.0,90750.0,90750.0,6.0
2020-07-02,86700.0,88050.0,80900.0,87400.0,87400.0,15.0
2020-07-06,83150.0,90550.0,81900.0,87500.0,87500.0,9.0
2020-07-07,89300.0,97400.0,89300.0,96900.0,96900.0,8.0
2020-07-08,99750.0,99950.0,93450.0,97270.0,97270.0,7.0
2020-07-09,96900.0,113900.0,96900.0,113650.0,113650.0,15.0
2020-07-10,117500.0,117500.0,102125.0,102300.0,102300.0,20.0
2020-07-13,101400.0,107900.0,98250.0,104500.0,104500.0,12.0
2020-07-14,107000.0,107650.0,92800.0,93235.0,93235.0,29.0
2020-07-15,84500.0,91600.0,84500.0,86450.0,86450.0,15.0
2020-07-16,90500.0,91850.0,84005.0,87615.0,87615.0,14.0
2020-07-17,87250.0,92300.0,83070.0,91000.0,91000.0,14.0
2020-07-20,92700.0,95500.0,88380.0,95100.0,95100.0,10.0
2020-07-21,89650.0,89650.0,74250.0,76750.0,76750.0,37.0
2020-07-22,80250.0,83450.0,78400.0,78750.0,78750.0,15.0
2020-07-23,80750.0,82560.0,78100.0,80815.0,80815.0,17.0
2020-07-24,80600.0,81950.0,76775.0,81500.0,81500.0,9.0
2020-07-27,80600.0,84785.0,79800.0,82250.0,82250.0,13.0
2020-07-28,82125.0,87600.0,82125.0,87200.0,87200.0,16.0
2020-07-29,86000.0,86325.0,79450.0,79700.0,79700.0,20.0
2020-07-30,84750.0,93545.0,84750.0,90750.0,90750.0,14.0
2020-07-31,93750.0,95500.0,90600.0,90660.0,90660.0,7.0
2020-08-03,88850.0,93100.0,88850.0,91450.0,91450.0,7.0
2020-08-04,92000.0,93100.0,85500.0,88100.0,88100.0,15.0
2020-08-05,87950.0,87950.0,81370.0,83950.0,83950.0,26.0
2020-08-06,84550.0,87100.0,82500.0,85950.0,85950.0,12.0
2020-08-07,90200.0,92740.0,84850.0,84850.0,84850.0,10.0
2020-08-10,81500.0,83310.0,76600.0,76900.0,76900.0,23.0
2020-08-11,71000.0,80825.0,69800.0,79900.0,79900.0,39.0
2020-08-12,74550.0,78710.0,74550.0,76450.0,76450.0,11.0
2020-08-13,77800.0,81900.0,76750.0,81900.0,81900.0,16.0
2020-08-14,82550.0,83435.0,78350.0,78350.0,78350.0,14.0
2020-08-17,79750.0,82515.0,79600.0,81100.0,81100.0,13.0
2020-08-18,81650.0,85000.0,80000.0,84725.0,84725.0,18.0
2020-08-19,85990.0,88600.0,84100.0,88035.0,88035.0,5.0
2020-08-20,91550.0,93950.0,91050.0,93950.0,93950.0,10.0
2020-08-21,95435.0,97980.0,94000.0,96155.0,96155.0,6.0
2020-08-24,95130.0,95500.0,86175.0,88000.0,88000.0,9.0
2020-08-25,85000.0,91650.0,85000.0,89700.0,89700.0,6.0
2020-08-26,92000.0,96770.0,90850.0,96770.0,96770.0,6.0
2020-08-27,95200.0,99550.0,95200.0,95280.0,95280.0,6.0
2020-08-28,95950.0,95950.0,89325.0,89500.0,89500.0,2.0
2020-08-31,90000.0,97000.0,90000.0,97000.0,97000.0,6.0
2020-09-01,99950.0,101500.0,98400.0,99950.0,99950.0,5.0
2020-09-02,101215.0,103050.0,98150.0,101550.0,101550.0,5.0
2020-09-03,104150.0,105000.0,95850.0,103250.0,103250.0,5.0
2020-09-04,98150.0,107950.0,98150.0,104750.0,104750.0,6.0
2020-09-08,110600.0,121550.0,110600.0,119245.0,119245.0,9.0
2020-09-09,117000.0,119325.0,114300.0,117335.0,117335.0,5.0
2020-09-10,119850.0,136050.0,116900.0,135150.0,135150.0,12.0
2020-09-11,135150.0,137050.0,129400.0,132250.0,132250.0,7.0
2020-09-14,131600.0,131600.0,122100.0,126650.0,126650.0,6.0
2020-09-15,125000.0,130000.0,120400.0,128700.0,128700.0,3.0
2020-09-16,128025.0,128025.0,105250.0,112050.0,112050.0,8.0
2020-09-17,116200.0,119550.0,110000.0,110000.0,110000.0,6.0
2020-09-18,111900.0,117345.0,110800.0,113400.0,113400.0,6.0
2020-09-21,118850.0,131125.0,118850.0,126200.0,126200.0,9.0
2020-09-22,127600.0,131000.0,120830.0,129345.0,129345.0,5.0
2020-09-23,128900.0,150300.0,128650.0,150300.0,150300.0,5.0
2020-09-24,152600.0,159300.0,139750.0,147885.0,147885.0,12.0
2020-09-25,155250.0,155250.0,145625.0,147370.0,147370.0,7.0
2020-09-28,138600.0,140675.0,134000.0,139600.0,139600.0,8.0
2020-09-29,137150.0,155335.0,137150.0,149800.0,149800.0,6.0
2020-09-30,149900.0,153000.0,142850.0,149550.0,149550.0,8.0
2020-10-01,159400.0,170065.0,157250.0,165400.0,165400.0,9.0
2020-10-02,192650.0,192650.0,158350.0,162000.0,162000.0,8.0
2020-10-05,156000.0,157200.0,143500.0,143500.0,143500.0,9.0
2020-10-06,136000.0,152900.0,133400.0,151000.0,151000.0,12.0
2020-10-07,150100.0,153500.0,145750.0,145750.0,145750.0,3.0
2020-10-08,144475.0,144475.0,129450.0,129680.0,129680.0,12.0
2020-10-09,125650.0,136000.0,124950.0,135900.0,135900.0,10.0
2020-10-12,138250.0,141000.0,132775.0,132800.0,132800.0,8.0
2020-10-13,132100.0,140250.0,130705.0,139275.0,139275.0,5.0
2020-10-14,133400.0,139750.0,128400.0,139575.0,139575.0,10.0
2020-10-15,145100.0,152265.0,133950.0,133950.0,133950.0,9.0
2020-10-16,138750.0,145475.0,135750.0,145200.0,145200.0,10.0
2020-10-19,140200.0,157160.0,140200.0,157000.0,157000.0,8.0
2020-10-20,156925.0,160895.0,148915.0,150650.0,150650.0,8.0
2020-10-21,151900.0,164300.0,151900.0,164300.0,164300.0,3.0
2020-10-22,166555.0,169380.0,142950.0,144400.0,144400.0,8.0
2020-10-23,139350.0,147600.0,135550.0,141000.0,141000.0,9.0
2020-10-26,147950.0,164900.0,147950.0,161480.0,161480.0,15.0
2020-10-27,166400.0,167500.0,160950.0,166650.0,166650.0,10.0
2020-10-28,179350.0,193200.0,176600.0,190400.0,190400.0,14.0
2020-10-29,197150.0,204650.0,170050.0,170050.0,170050.0,16.0
2020-10-30,173550.0,182635.0,167400.0,169600.0,169600.0,9.0
2020-11-02,165500.0,170000.0,142155.0,147900.0,147900.0,23.0
2020-11-03,140000.0,156440.0,138700.0,151800.0,151800.0,10.0
2020-11-04,157960.0,162500.0,138750.0,148050.0,148050.0,8.0
2020-11-05,146500.0,148475.0,139450.0,147450.0,147450.0,4.0
2020-11-06,148725.0,160250.0,141600.0,158070.0,158070.0,14.0
2020-11-09,106050.0,106050.0,62560.0,73500.0,73500.0,153.0
2020-11-10,71900.0,74475.0,66300.0,66430.0,66430.0,52.0
2020-11-11,64500.0,70650.0,63600.0,68700.0,68700.0,44.0
2020-11-12,72500.0,79490.0,69750.0,78450.0,78450.0,94.0
2020-11-13,75300.0,75650.0,64600.0,64650.0,64650.0,104.0
2020-11-16,56750.0,59900.0,51000.0,51250.0,51250.0,111.0
2020-11-17,54900.0,56445.0,49550.0,49750.0,49750.0,96.0
2020-11-18,47950.0,54025.0,47050.0,54025.0,54025.0,109.0
2020-11-19,54950.0,57400.0,51005.0,51250.0,51250.0,75.0
2020-11-20,52550.0,53200.0,50860.0,52450.0,52450.0,42.0
2020-11-23,49400.0,49650.0,38150.0,38250.0,38250.0,239.0
2020-11-24,32650.0,35100.0,31350.0,32050.0,32050.0,272.0
2020-11-25,33100.0,34750.0,32450.0,34050.0,34050.0,157.0
2020-11-27,34650.0,36050.0,33550.0,35400.0,35400.0,100.0
2020-11-30,36000.0,42550.0,36000.0,42150.0,42150.0,235.0
2020-12-01,39000.0,42550.0,37800.0,42150.0,42150.0,199.0
2020-12-02,44450.0,44450.0,35600.0,38000.0,38000.0,205.0
2020-12-03,37700.0,38750.0,34300.0,36050.0,36050.0,260.0
2020-12-04,33750.0,33850.0,28250.0,28400.0,28400.0,353.0
2020-12-07,29450.0,31500.0,29150.0,30700.0,30700.0,249.0
2020-12-08,32000.0,32050.0,28200.0,29050.0,29050.0,218.0
2020-12-09,27950.0,30030.0,26200.0,28450.0,28450.0,339.0
2020-12-10,28100.0,28575.0,23900.0,24750.0,24750.0,360.0
2020-12-11,25600.0,27100.0,25400.0,26050.0,26050.0,208.0
2020-12-14,23750.0,29600.0,23750.0,29300.0,29300.0,427.0
2020-12-15,28000.0,30000.0,26880.0,27250.0,27250.0,268.0
2020-12-16,27000.0,28250.0,26550.0,27850.0,27850.0,119.0
2020-12-17,26900.0,28900.0,26900.0,28500.0,28500.0,101.0
2020-12-18,28950.0,30500.0,28050.0,30000.0,30000.0,115.0
2020-12-21,33850.0,34450.0,30800.0,31900.0,31900.0,233.0
2020-12-22,32000.0,33800.0,31600.0,33750.0,33750.0,96.0
2020-12-23,32700.0,32700.0,29050.0,30200.0,30200.0,177.0
2020-12-24,29250.0,31950.0,29250.0,30950.0,30950.0,77.0
2020-12-28,30450.0,31920.0,29100.0,31550.0,31550.0,142.0
2020-12-29,31050.0,32710.0,30575.0,32250.0,32250.0,140.0
2020-12-30,32350.0,32350.0,29375.0,29700.0,29700.0,132.0
2020-12-31,30100.0,30850.0,29800.0,30550.0,30550.0,103.0
2021-01-04,29650.0,31950.0,28850.0,31050.0,31050.0,138.0
2021-01-05,30100.0,30100.0,23450.0,25700.0,25700.0,527.0
2021-01-06,24400.0,25750.0,22950.0,23675.0,23675.0,352.0
2021-01-07,23100.0,23550.0,21300.0,21900.0,21900.0,411.0
2021-01-08,21050.0,22800.0,21050.0,22300.0,22300.0,325.0
2021-01-11,24150.0,24650.0,21350.0,21500.0,21500.0,212.0
2021-01-12,21050.0,21050.0,18600.0,18750.0,18750.0,340.0
2021-01-13,19050.0,20250.0,18900.0,19800.0,19800.0,264.0
2021-01-14,19350.0,19450.0,17200.0,17750.0,17750.0,376.0
2021-01-15,18650.0,20600.0,18600.0,20230.0,20230.0,442.0
2021-01-19,19050.0,19700.0,17950.0,18500.0,18500.0,277.0
2021-01-20,17800.0,18950.0,17650.0,18250.0,18250.0,169.0
2021-01-21,18750.0,20850.0,18500.0,20500.0,20500.0,325.0
2021-01-22,22050.0,22500.0,20425.0,20500.0,20500.0,223.0
2021-01-25,21150.0,22300.0,20750.0,21000.0,21000.0,164.0
2021-01-26,20350.0,22500.0,19390.0,22400.0,22400.0,208.0
2021-01-27,23600.0,24600.0,21100.0,23150.0,23150.0,274.0
2021-01-28,22500.0,23850.0,21700.0,22600.0,22600.0,160.0
2021-01-29,23500.0,25300.0,22400.0,25100.0,25100.0,285.0
2021-02-01,23600.0,26000.0,23600.0,24600.0,24600.0,169.0
2021-02-02,22750.0,23650.0,21750.0,23650.0,23650.0,129.0
2021-02-03,23350.0,23410.0,19870.0,20050.0,20050.0,270.0
2021-02-04,19600.0,20800.0,19325.0,19550.0,19550.0,190.0
2021-02-05,18500.0,19250.0,18250.0,19000.0,19000.0,187.0
2021-02-08,18200.0,18200.0,15765.0,16100.0,16100.0,486.0
2021-02-09,16700.0,17300.0,16350.0,16750.0,16750.0,317.0
2021-02-10,16450.0,16750.0,15400.0,15600.0,15600.0,388.0
2021-02-11,15850.0,17300.0,15750.0,16100.0,16100.0,326.0
2021-02-12,16700.0,16700.0,15450.0,15450.0,15450.0,266.0
2021-02-16,14300.0,14500.0,13475.0,14000.0,14000.0,312.0
2021-02-17,13850.0,14400.0,13250.0,13450.0,13450.0,323.0
2021-02-18,14000.0,14550.0,13600.0,14350.0,14350.0,391.0
2021-02-19,14350.0,14350.0,13150.0,13250.0,13250.0,353.0
2021-02-22,13250.0,13250.0,11200.0,11500.0,11500.0,438.0
2021-02-23,11700.0,12850.0,11000.0,11150.0,11150.0,375.0
2021-02-24,10900.0,11200.0,9650.0,9900.0,9900.0,831.0
2021-02-25,9800.0,10675.0,9680.0,10400.0,10400.0,780.0
2021-02-26,11000.0,12345.0,10750.0,10750.0,10750.0,845.0
2021-03-01,10400.0,10875.0,10150.0,10650.0,10650.0,265.0
2021-03-02,10450.0,10850.0,10250.0,10800.0,10800.0,244.0
2021-03-03,10600.0,10600.0,9305.0,9800.0,9800.0,572.0
2021-03-04,10000.0,10100.0,8750.0,9250.0,9250.0,733.0
2021-03-05,8450.0,9150.0,8100.0,8225.0,8225.0,754.0
2021-03-08,8050.0,8550.0,7800.0,8250.0,8250.0,763.0
2021-03-09,8450.0,9000.0,7950.0,8850.0,8850.0,555.0
2021-03-10,8750.0,8975.0,8100.0,8150.0,8150.0,590.0
2021-03-11,8000.0,8150.0,7500.0,7900.0,7900.0,435.0
2021-03-12,7900.0,8050.0,7700.0,7850.0,7850.0,326.0
2021-03-15,7950.0,8575.0,7950.0,8250.0,8250.0,385.0
2021-03-16,8600.0,9100.0,8600.0,8900.0,8900.0,321.0
2021-03-17,9300.0,9300.0,8500.0,8600.0,8600.0,654.0
2021-03-18,8900.0,10050.0,8750.0,10050.0,10050.0,816.0
2021-03-19,9850.0,10345.0,9200.0,9600.0,9600.0,477.0
2021-03-22,9800.0,10150.0,9650.0,10100.0,10100.0,201.0
2021-03-23,10750.0,11000.0,9850.0,10500.0,10500.0,489.0
2021-03-24,9950.0,9950.0,9250.0,9650.0,9650.0,386.0
2021-03-25,10250.0,10700.0,9500.0,9650.0,9650.0,461.0
2021-03-26,9050.0,9400.0,8800.0,8850.0,8850.0,396.0
2021-03-29,8945.0,9640.0,8945.0,9270.0,9270.0,484.0
2021-03-30,9785.0,9785.0,9115.0,9395.0,9395.0,331.0
2021-03-31,9400.0,9675.0,9310.0,9610.0,9610.0,170.0
2021-04-01,9350.0,9572.0,8695.0,8695.0,8695.0,390.0
2021-04-05,8855.0,9812.5,8855.0,9637.5,9637.5,503.0
2021-04-06,9480.0,9750.0,8995.0,9675.0,9675.0,139.0
2021-04-07,9661.5,9750.0,9425.0,9530.0,9530.0,96.0
2021-04-08,9745.0,10290.0,9745.0,9930.0,9930.0,198.0
2021-04-09,10035.0,10250.0,9635.0,10125.0,10125.0,158.0
2021-04-12,9900.0,10550.0,9677.5,10490.0,10490.0,148.0
2021-04-13,10530.0,10770.0,10335.0,10545.0,10545.0,119.0
2021-04-14,10150.0,10150.0,9052.5,9425.0,9425.0,347.0
2021-04-15,9395.0,9915.0,9395.0,9755.0,9755.0,200.0
2021-04-16,9580.0,10140.0,9460.0,10085.0,10085.0,107.0
2021-04-19,10000.0,10455.0,9707.5,10210.0,10210.0,158.0
2021-04-20,10365.0,11450.0,10365.0,11090.0,11090.0,296.0
2021-04-21,11630.0,11670.0,10425.0,10480.0,10480.0,255.0
2021-04-22,10395.0,11065.0,10395.0,10925.0,10925.0,212.0
2021-04-23,10945.0,11050.0,10445.0,10588.5,10588.5,88.0
2021-04-26,10665.0,10679.0,10150.0,10370.0,10370.0,137.0
2021-04-27,10150.0,10240.0,9675.0,9820.0,9820.0,374.0
2021-04-28,9612.5,9612.5,8515.0,8630.0,8630.0,639.0
2021-04-29,8290.0,8690.0,8010.0,8430.0,8430.0,454.0
2021-04-30,8740.0,9050.0,8320.0,9000.0,9000.0,411.0
2021-05-03,8745.0,8745.0,8080.0,8130.0,8130.0,374.0
2021-05-04,8130.0,8505.0,7942.0,8145.0,8145.0,302.0
2021-05-05,7845.0,8125.0,7255.0,7305.0,7305.0,798.0
2021-05-06,7380.0,7805.0,7262.5,7265.0,7265.0,516.0
2021-05-07,7540.0,7560.0,6775.0,6800.0,6800.0,808.0
2021-05-10,6600.0,6870.0,6265.0,6870.0,6870.0,914.0
2021-05-11,7495.0,7760.0,7185.0,7530.0,7530.0,1541.0
2021-05-12,7350.0,7515.0,6700.0,7400.0,7400.0,879.0
2021-05-13,7625.0,8090.0,7260.0,7810.0,7810.0,788.0
2021-05-14,7405.0,7405.0,6800.0,6927.0,6927.0,787.0
2021-05-17,6935.0,7015.0,6415.0,6435.0,6435.0,446.0
2021-05-18,6440.0,6850.0,6325.0,6810.0,6810.0,610.0
2021-05-19,7270.0,7625.0,7065.0,7320.0,7320.0,831.0
2021-05-20,7290.0,7685.0,7290.0,7405.0,7405.0,419.0
2021-05-21,7140.0,7415.0,6990.0,7415.0,7415.0,377.0
2021-05-24,7190.0,7350.0,7085.0,7115.0,7115.0,278.0
2021-05-25,7135.0,7560.0,7100.0,7540.0,7540.0,637.0
2021-05-26,7505.0,7580.5,7170.0,7274.0,7274.0,293.0
2021-05-27,7200.0,7202.0,6972.5,7025.0,7025.0,194.0
2021-05-28,6930.0,7120.0,6905.0,7050.0,7050.0,121.0
2021-06-01,6660.0,6660.0,6130.0,6165.0,6165.0,1122.0
2021-06-02,6075.0,6290.0,5725.0,5835.0,5835.0,1251.0
2021-06-03,5900.0,5995.0,5632.5,5790.0,5790.0,748.0
2021-06-04,5590.0,5907.0,5580.0,5670.0,5670.0,638.0
2021-06-07,5630.0,5705.0,5520.0,5695.0,5695.0,423.0
2021-06-08,5750.0,5990.0,5515.0,5570.0,5570.0,853.0
2021-06-09,5555.0,5750.0,5448.0,5750.0,5750.0,582.0
2021-06-10,5565.0,5955.0,5420.0,5765.0,5765.0,806.0
2021-06-11,5650.0,5855.0,5605.0,5850.0,5850.0,608.0
2021-06-14,5770.0,5985.0,5610.0,5870.0,5870.0,402.0
2021-06-15,5750.0,5785.0,5480.0,5555.0,5555.0,547.0
2021-06-16,5575.0,5840.0,5461.0,5605.0,5605.0,764.0
2021-06-17,5710.0,6475.0,5525.0,6265.0,6265.0,1072.0
2021-06-18,6545.0,6750.0,6360.0,6715.0,6715.0,740.0
2021-06-21,6540.0,6545.5,5740.0,5775.0,5775.0,1203.0
2021-06-22,5795.0,6015.0,5587.5,5660.0,5660.0,503.0
2021-06-23,5510.0,5570.0,5235.0,5560.0,5560.0,935.0
2021-06-24,5530.0,5660.0,5395.0,5415.0,5415.0,403.0
2021-06-25,5380.0,5465.0,5260.0,5265.0,5265.0,430.0
2021-06-28,5350.0,5935.0,5350.0,5890.0,5890.0,875.0
2021-06-29,5730.0,5995.0,5645.0,5985.0,5985.0,334.0
2021-06-30,5830.0,5885.0,5665.0,5760.0,5760.0,530.0
2021-07-01,5345.0,5520.0,5250.0,5400.0,5400.0,1165.0
2021-07-02,5425.0,5580.0,5350.0,5425.0,5425.0,966.0
2021-07-06,5440.0,6030.0,5440.0,6010.0,6010.0,902.0
2021-07-07,6005.0,6589.0,5910.0,6420.0,6420.0,920.0
2021-07-08,6780.0,6855.0,6375.0,6580.0,6580.0,851.0
2021-07-09,6270.0,6560.0,6150.0,6180.0,6180.0,241.0
2021-07-12,6385.0,6540.0,6065.0,6220.0,6220.0,347.0
2021-07-13,6270.0,6470.0,6175.0,6345.0,6345.0,174.0
2021-07-14,6290.0,7120.0,6062.0,7040.0,7040.0,556.0
2021-07-15,7345.0,7510.0,7050.0,7445.0,7445.0,397.0
2021-07-16,7215.0,8170.0,7185.0,8125.0,8125.0,997.0
2021-07-19,8980.0,9400.0,8745.0,9055.0,9055.0,1715.0
2021-07-20,8970.0,9295.0,8381.0,8710.0,8710.0,845.0
2021-07-21,8175.0,8180.0,7420.0,7625.0,7625.0,1105.0
2021-07-22,7600.0,8120.0,7600.0,7890.0,7890.0,731.0
2021-07-23,7755.0,8305.0,7755.0,8055.0,8055.0,469.0
2021-07-26,8085.0,8085.0,7380.0,7520.0,7520.0,570.0
2021-07-27,7615.0,8012.5,7615.0,7750.0,7750.0,747.0
2021-07-28,7645.0,7862.0,7195.0,7370.0,7370.0,414.0
2021-07-29,7060.0,7315.0,7005.0,7225.0,7225.0,693.0
2021-07-30,7305.0,7700.0,7295.0,7560.0,7560.0,442.0
2021-08-02,7560.0,7840.0,6970.0,7805.0,7805.0,1340.0
2021-08-03,7975.0,8045.0,7130.0,7130.0,7130.0,1673.0
2021-08-04,7540.0,7895.0,7355.0,7885.0,7885.0,958.0
2021-08-05,7595.0,7761.5,7175.0,7470.0,7470.0,735.0
2021-08-06,7225.0,7430.0,7065.0,7325.0,7325.0,611.0
2021-08-09,7740.0,7800.0,7485.0,7700.0,7700.0,715.0
2021-08-10,7475.0,7560.0,7255.0,7285.0,7285.0,466.0
2021-08-11,7410.0,7510.0,7085.0,7115.0,7115.0,462.0
2021-08-12,7195.0,7317.5,7010.0,7105.0,7105.0,254.0
2021-08-13,7165.0,7480.0,7120.0,7450.0,7450.0,493.0
2021-08-16,7750.0,8115.0,7750.0,8025.0,8025.0,774.0
2021-08-17,8225.0,8460.0,7880.0,8265.0,8265.0,363.0
2021-08-18,8225.0,8820.0,8025.0,8790.0,8790.0,555.0
2021-08-19,9280.0,9902.0,9065.0,9540.0,9540.0,1251.0
2021-08-20,9850.0,9895.0,9255.0,9465.0,9465.0,1986.0
2021-08-23,8645.0,8645.0,8195.0,8250.0,8250.0,2145.0
2021-08-24,8000.0,8095.0,7636.5,7745.0,7745.0,1142.0
2021-08-25,7740.0,7940.0,7355.0,7485.0,7485.0,840.0
2021-08-26,7640.0,7930.0,7515.0,7905.0,7905.0,817.0
2021-08-27,7530.0,7530.0,6949.5,7140.0,7140.0,1154.0
2021-08-30,7015.0,7420.0,6950.0,7410.0,7410.0,617.0
2021-08-31,7450.0,7650.0,7245.0,7475.0,7475.0,437.0
2021-09-01,7510.0,8000.0,7382.5,7915.0,7915.0,937.0
2021-09-02,7660.0,7660.0,7000.0,7240.0,7240.0,1038.0
2021-09-03,7295.0,7535.0,7115.0,7410.0,7410.0,611.0
2021-09-07,7575.0,7615.0,7165.0,7475.0,7475.0,564.0
2021-09-08,7330.0,7905.0,7245.0,7905.0,7905.0,701.0
2021-09-09,8000.0,8165.0,7415.0,7810.0,7810.0,574.0
2021-09-10,7415.0,7900.0,7400.0,7840.0,7840.0,632.0
2021-09-13,7515.0,7515.0,6950.0,7000.0,7000.0,2148.0
2021-09-14,6775.0,7460.0,6740.0,7380.0,7380.0,2283.0
2021-09-15,7005.0,7005.0,6460.0,6470.0,6470.0,1891.0
2021-09-16,6520.0,6775.0,6470.0,6650.0,6650.0,1018.0
2021-09-17,6735.0,6835.0,6470.0,6755.0,6755.0,963.0
2021-09-20,7295.0,7810.0,7190.0,7510.0,7510.0,1959.0
2021-09-21,7210.0,7665.0,7083.0,7360.0,7360.0,1153.0
2021-09-22,7020.0,7020.0,6300.0,6565.0,6565.0,2818.0
2021-09-23,6430.0,6560.0,5830.0,5885.0,5885.0,2502.0
2021-09-24,6015.0,6030.0,5612.5,5725.0,5725.0,1166.0
2021-09-27,5315.0,5330.0,4990.0,5020.0,5020.0,2148.0
2021-09-28,4895.0,5060.0,4719.5,4995.0,4995.0,2271.0
2021-09-29,5055.0,5230.0,4930.0,5010.0,5010.0,1308.0
2021-09-30,5090.0,5255.0,4940.0,5165.0,5165.0,4625.0
2021-10-01,5045.0,5045.0,4580.0,4590.0,4590.0,2378.0
2021-10-04,4415.0,4475.0,4175.0,4320.0,4320.0,2194.0
2021-10-05,4110.0,4350.0,3950.0,4170.0,4170.0,2799.0
2021-10-06,4395.0,4513.5,4210.0,4250.0,4250.0,1799.0
2021-10-07,4250.0,4290.0,4090.0,4170.0,4170.0,1707.0
2021-10-08,4040.0,4045.0,3625.0,3665.0,3665.0,5029.0
2021-10-11,3500.0,3740.0,3455.0,3715.0,3715.0,4025.0
2021-10-12,3710.0,3790.0,3585.0,3725.0,3725.0,2415.0
2021-10-13,3835.0,3970.0,3705.0,3770.0,3770.0,2083.0
2021-10-14,3615.0,3790.0,3575.0,3695.0,3695.0,1140.0
2021-10-15,3550.0,3715.0,3525.0,3700.0,3700.0,1219.0
2021-10-18,3600.0,3765.0,3507.5,3705.0,3705.0,2926.0
2021-10-19,3650.0,3710.0,3512.5,3560.0,3560.0,2947.0
2021-10-20,3650.0,3680.0,3445.0,3450.0,3450.0,6392.0
2021-10-21,3500.0,3675.0,3440.0,3590.0,3590.0,8519.0
2021-10-22,3505.0,3660.0,3450.0,3475.0,3475.0,4783.0
2021-10-25,3335.0,3385.0,3225.0,3310.0,3310.0,7646.0
2021-10-26,3280.0,3355.0,3235.0,3300.0,3300.0,1996.0
2021-10-27,3410.0,3655.0,3360.0,3640.0,3640.0,4531.0
2021-10-28,3695.0,3710.0,3560.0,3600.0,3600.0,2167.0
2021-10-29,3575.0,3750.0,3535.0,3685.0,3685.0,1503.0
2021-11-01,3580.0,3605.0,3465.0,3505.0,3505.0,3618.0
2021-11-02,3535.0,3670.0,3469.5,3665.0,3665.0,1552.0
2021-11-03,3780.0,3860.0,3635.0,3735.0,3735.0,1555.0
2021-11-04,3540.0,3860.0,3520.0,3765.0,3765.0,1757.0
2021-11-05,3600.0,3725.0,3534.5,3575.0,3575.0,1973.0
2021-11-08,3495.0,3510.0,3335.0,3450.0,3450.0,2989.0
2021-11-09,3465.0,3590.0,3405.0,3415.0,3415.0,1917.0
2021-11-10,3485.0,3765.0,3435.0,3720.0,3720.0,2159.0
2021-11-11,3655.0,3695.0,3575.0,3680.0,3680.0,843.0
2021-11-12,3750.0,3785.0,3664.0,3710.0,3710.0,881.0
2021-11-15,3735.0,3825.0,3565.0,3640.0,3640.0,1983.0
2021-11-16,3625.0,3730.0,3570.0,3690.0,3690.0,1124.0
2021-11-17,3760.0,3945.0,3638.5,3910.0,3910.0,1761.0
2021-11-18,3900.0,4110.0,3810.0,3965.0,3965.0,1707.0
2021-11-19,4225.0,4490.0,4190.0,4455.0,4455.0,3388.0
2021-11-22,4460.0,4460.0,3935.0,4110.0,4110.0,3038.0
2021-11-23,3945.0,3980.0,3635.0,3685.0,3685.0,2952.0
2021-11-24,3760.0,3770.0,3527.5,3600.0,3600.0,1509.0
2021-11-26,4140.0,4450.0,4115.0,4150.0,4150.0,3591.0
2021-11-29,3825.0,4130.0,3680.0,4080.0,4080.0,3195.0
2021-11-30,4335.0,4395.0,4085.0,4315.0,4315.0,2478.0
2021-12-01,4005.0,4460.0,3825.0,4460.0,4460.0,2632.0
2021-12-02,4500.0,4630.0,3950.0,4000.0,4000.0,2921.0
2021-12-03,3830.0,4250.0,3765.0,4135.0,4135.0,2728.0
2021-12-06,3975.0,4115.5,3781.0,3945.0,3945.0,1964.0
2021-12-07,3740.0,3740.0,3445.0,3640.0,3640.0,2594.0
2021-12-08,3580.0,3695.0,3515.0,3680.0,3680.0,1172.0
2021-12-09,3725.0,3845.0,3700.0,3785.0,3785.0,1573.0
2021-12-10,3645.0,3915.0,3635.0,3680.0,3680.0,961.0
2021-12-13,3785.0,4090.0,3770.0,4035.0,4035.0,872.0
2021-12-14,4125.0,4150.0,3870.0,4005.0,4005.0,1156.0
2021-12-15,4080.0,4415.0,4035.0,4110.0,4110.0,1590.0
2021-12-16,3995.0,4045.0,3735.0,4015.0,4015.0,2228.0
2021-12-17,4145.0,4365.0,4045.0,4245.0,4245.0,1525.0
2021-12-20,4545.0,4770.0,4402.5,4430.0,4430.0,2266.0
2021-12-21,4195.0,4245.0,3932.5,3940.0,3940.0,1865.0
2021-12-22,3955.0,4080.0,3790.0,3905.0,3905.0,1329.0
2021-12-23,3825.0,3900.0,3702.0,3900.0,3900.0,916.0
2021-12-27,3945.0,4055.0,3614.5,3625.0,3625.0,1501.0
2021-12-28,3575.0,3670.0,3490.0,3610.0,3610.0,1434.0
2021-12-29,3640.0,3720.0,3555.0,3675.0,3675.0,929.0
2021-12-30,3655.0,3760.0,3565.0,3755.0,3755.0,689.0
2021-12-31,3775.0,3800.0,3645.0,3705.0,3705.0,1106.0
2022-01-03,3700.0,3715.0,3335.0,3350.0,3350.0,2637.0
2022-01-04,3245.0,3245.0,2910.0,2955.0,2955.0,6043.0
2022-01-05,2880.0,3015.0,2785.0,3010.0,3010.0,3479.0
2022-01-06,2790.0,2890.0,2705.0,2765.0,2765.0,3766.0
2022-01-07,2725.0,2765.0,2615.0,2630.0,2630.0,2549.0
2022-01-10,2640.0,2760.0,2595.0,2655.0,2655.0,3669.0
2022-01-11,2560.0,2630.0,2325.0,2345.0,2345.0,4953.0
2022-01-12,2320.0,2375.0,2265.0,2315.0,2315.0,4309.0
2022-01-13,2325.0,2365.0,2250.0,2340.0,2340.0,5492.0
2022-01-14,2335.0,2335.0,2145.0,2150.0,2150.0,5649.0
2022-01-18,2065.0,2225.0,2032.5,2115.0,2115.0,7080.0
2022-01-19,2055.0,2220.0,2045.0,2150.0,2150.0,3254.0
2022-01-20,2215.0,2280.0,2062.5,2260.0,2260.0,5172.0
2022-01-21,2330.0,2515.0,2330.0,2445.0,2445.0,9946.0
2022-01-24,2620.0,2780.0,2380.0,2420.0,2420.0,11146.0
2022-01-25,2435.0,2582.5,2097.5,2120.0,2120.0,6619.0
2022-01-26,2040.0,2225.0,2005.0,2160.0,2160.0,7961.0
2022-01-27,2050.0,2195.0,1960.0,2070.0,2070.0,12220.0
2022-01-28,2070.0,2210.0,1995.0,2090.0,2090.0,6724.0
2022-01-31,2100.0,2205.0,2000.0,2050.0,2050.0,4635.0
2022-02-01,2085.0,2105.0,1820.0,1830.0,1830.0,12609.0
2022-02-02,1825.0,1920.0,1775.0,1795.0,1795.0,6135.0
2022-02-03,1820.0,1900.0,1792.0,1840.0,1840.0,7368.0
2022-02-04,1775.0,1775.0,1630.0,1745.0,1745.0,8995.0
2022-02-07,1760.0,1805.0,1625.0,1675.0,1675.0,8891.0
2022-02-08,1700.0,1815.0,1680.0,1775.0,1775.0,10218.0
2022-02-09,1760.0,1770.0,1675.0,1730.0,1730.0,7252.0
2022-02-10,1765.0,1775.0,1640.0,1735.0,1735.0,9250.0
2022-02-11,1695.0,1727.5,1560.0,1570.0,1570.0,11999.0
2022-02-14,1600.0,1735.0,1600.0,1685.0,1685.0,12263.0
2022-02-15,1820.0,1867.5,1750.0,1775.0,1775.0,11287.0
2022-02-16,1725.0,1792.5,1640.0,1765.0,1765.0,5523.0
2022-02-17,1755.0,1805.0,1705.0,1755.0,1755.0,6848.0
2022-02-18,1820.0,1825.0,1727.5,1770.0,1770.0,4187.0
2022-02-22,1635.0,1945.0,1617.5,1865.0,1865.0,9343.0
2022-02-23,1830.0,1875.0,1767.0,1835.0,1835.0,3202.0
2022-02-24,1700.0,2005.0,1700.0,1855.0,1855.0,8589.0
2022-02-25,1860.0,1870.0,1736.0,1760.0,1760.0,5460.0
2022-02-28,1775.0,1800.0,1580.0,1595.0,1595.0,7870.0
2022-03-01,1520.0,1590.5,1465.0,1540.0,1540.0,9469.0
2022-03-02,1465.0,1520.0,1405.0,1450.0,1450.0,13324.0
2022-03-03,1495.0,1510.0,1415.0,1465.0,1465.0,12190.0
2022-03-04,1450.0,1465.0,1315.0,1320.0,1320.0,10228.0
2022-03-07,1260.0,1415.0,1230.0,1330.0,1330.0,13915.0
2022-03-08,1255.0,1411.0,1150.0,1280.0,1280.0,25870.0
2022-03-09,1430.0,1485.0,1290.0,1360.0,1360.0,15711.0
2022-03-10,1320.0,1365.0,1235.0,1250.0,1250.0,9350.0
2022-03-11,1295.0,1305.0,1225.0,1280.0,1280.0,7645.0
2022-03-14,1335.0,1430.0,1315.0,1360.0,1360.0,8612.0
2022-03-15,1500.0,1560.0,1445.0,1480.0,1480.0,11767.0
2022-03-16,1450.0,1520.0,1425.0,1490.0,1490.0,5856.0
2022-03-17,1390.0,1405.0,1295.0,1320.0,1320.0,8188.0
2022-03-18,1320.0,1345.0,1295.0,1320.0,1320.0,4328.0
2022-03-21,1245.0,1245.0,1131.0,1150.0,1150.0,17659.0
2022-03-22,1150.0,1220.0,1140.0,1175.0,1175.0,8216.0
2022-03-23,1105.0,1125.0,1075.0,1120.0,1120.0,9196.0
2022-03-24,1120.0,1150.0,1100.0,1135.0,1135.0,5655.0
2022-03-25,1155.0,1155.0,1050.0,1070.0,1070.0,10331.0
2022-03-28,1125.0,1155.0,1112.5,1135.0,1135.0,10595.0
2022-03-29,1200.0,1245.0,1132.5,1150.0,1150.0,10432.0
2022-03-30,1105.0,1105.0,1050.0,1090.0,1090.0,6922.0
2022-03-31,1110.0,1110.0,1030.0,1110.0,1110.0,13914.0
2022-04-01,1115.0,1120.0,1060.0,1095.0,1095.0,8724.0
2022-04-04,1055.0,1120.0,1055.0,1085.0,1085.0,5203.0
2022-04-05,1075.0,1142.5,1030.0,1140.0,1140.0,7115.0
2022-04-06,1105.0,1147.5,1072.5,1120.0,1120.0,5366.0
2022-04-07,1105.0,1185.0,1075.0,1085.0,1085.0,4565.0
2022-04-08,1080.0,1080.0,985.0,1000.0,1000.0,14063.0
2022-04-11,1019.5,1100.300048828125,1019.5,1098.5999755859375,1098.5999755859375,69680.0
2022-04-12,1035.0,1046.4000244140625,975.4000244140624,1043.4000244140625,1043.4000244140625,71790.0
2022-04-13,1000.0,1055.9000244140625,985.4000244140624,996.2000122070312,996.2000122070312,60530.0
2022-04-14,1014.4000244140624,1014.4000244140624,971.2000122070312,998.5,998.5,6760.0
2022-04-18,970.0,985.0,915.4000244140624,927.2999877929688,927.2999877929688,7870.0
2022-04-19,951.3099975585938,963.4000244140624,910.0,951.0,951.0,9200.0
2022-04-20,932.0999755859376,950.0999755859376,915.0999755859376,921.5999755859376,921.5999755859376,9030.0
2022-04-21,918.9000244140624,1030.0,890.0,1022.5999755859376,1022.5999755859376,14080.0
2022-04-22,1059.9000244140625,1111.4000244140625,1000.0,1111.4000244140625,1111.4000244140625,8760.0
2022-04-25,1214.9000244140625,1339.5999755859375,1194.4000244140625,1212.5,1212.5,16020.0
2022-04-26,1186.9000244140625,1209.0999755859375,1099.4000244140625,1198.699951171875,1198.699951171875,9770.0
2022-04-27,1165.9000244140625,1242.760009765625,1094.0,1125.0,1125.0,5090.0
2022-04-28,1096.5999755859375,1168.0,977.4000244140624,1000.0,1000.0,6150.0
2022-04-29,990.5,1080.0,977.0,1074.4200439453125,1074.4200439453125,5520.0
2022-05-02,1106.800048828125,1106.800048828125,1000.7000122070312,1000.7000122070312,1000.7000122070312,5460.0
2022-05-03,1009.7999877929688,1009.7999877929688,892.5,897.5999755859375,897.5999755859375,16250.0
2022-05-04,849.7000122070312,880.0,771.8200073242188,777.0999755859375,777.0999755859375,17470.0
2022-05-05,759.5999755859375,852.0999755859375,750.0999755859375,798.989990234375,798.989990234375,12790.0
2022-05-06,771.5,811.2999877929688,715.2999877929688,716.0499877929688,716.0499877929688,9460.0
2022-05-09,769.0999755859375,904.4000244140624,767.5499877929688,901.0999755859376,901.0999755859376,18670.0
2022-05-10,847.0,921.2999877929688,785.0599975585938,855.7000122070312,855.7000122070312,16710.0
2022-05-11,812.4000244140625,835.0,746.4000244140625,831.5,831.5,9180.0
2022-05-12,844.0,901.5,817.0999755859375,828.5999755859375,828.5999755859375,8590.0
2022-05-13,776.0999755859375,782.5,715.5999755859375,727.0,727.0,14700.0
2022-05-16,724.2000122070312,724.2000122070312,645.8499755859375,667.5999755859375,667.5999755859375,31450.0
2022-05-17,630.7000122070312,663.5999755859375,630.7000122070312,644.9000244140625,644.9000244140625,14300.0
2022-05-18,628.2999877929688,720.7000122070312,628.2999877929688,695.219970703125,695.219970703125,21730.0
2022-05-19,744.9000244140625,749.2000122070312,667.9000244140625,706.5499877929688,706.5499877929688,18770.0
2022-05-20,690.5999755859375,748.0999755859375,659.9000244140625,706.989990234375,706.989990234375,13470.0
2022-05-23,680.0,696.7000122070312,648.97998046875,654.7000122070312,654.7000122070312,11320.0
2022-05-24,684.0,697.0999755859375,642.5999755859375,651.7000122070312,651.7000122070312,15620.0
2022-05-25,645.2000122070312,645.2000122070312,605.0,606.7000122070312,606.7000122070312,17930.0
2022-05-26,595.0,597.7000122070312,575.0,590.5,590.5,15790.0
2022-05-27,587.5999755859375,595.2000122070312,547.9000244140625,548.9000244140625,548.9000244140625,21310.0
2022-05-31,520.2999877929688,573.5999755859375,503.5,564.4000244140625,564.4000244140625,25080.0
2022-06-01,543.2000122070312,564.5999755859375,524.0999755859375,536.2999877929688,536.2999877929688,18490.0
2022-06-02,555.0,560.0999755859375,529.4199829101562,543.0,543.0,22390.0
2022-06-03,547.0999755859375,547.0999755859375,513.7000122070312,516.7999877929688,516.7999877929688,22270.0
2022-06-06,510.0,525.260009765625,501.75,511.2999877929688,511.2999877929688,14130.0
2022-06-07,519.9000244140625,519.9000244140625,462.7999877929688,463.0,463.0,24920.0
2022-06-08,461.1000061035156,473.7000122070313,449.7999877929688,468.2000122070313,468.2000122070313,18790.0
2022-06-09,478.3999938964844,496.3999938964844,466.3999938964844,494.2000122070313,494.2000122070313,17960.0
2022-06-10,506.8999938964844,540.7000122070312,489.8399963378906,521.4500122070312,521.4500122070312,29930.0
2022-06-13,567.7999877929688,637.0,567.7999877929688,607.9000244140625,607.9000244140625,51310.0
2022-06-14,564.5999755859375,611.7999877929688,525.5,582.7000122070312,582.7000122070312,32070.0
2022-06-15,595.0999755859375,660.0,585.0,630.2000122070312,630.2000122070312,31330.0
2022-06-16,685.2000122070312,762.0,668.0999755859375,747.9000244140625,747.9000244140625,39570.0
2022-06-17,765.7000122070312,910.4000244140624,747.0999755859375,880.9000244140625,880.9000244140625,75760.0
2022-06-21,807.0,807.0,732.7999877929688,750.5999755859375,750.5999755859375,40590.0
2022-06-22,859.7999877929688,871.5999755859375,801.2000122070312,845.2999877929688,845.2999877929688,37700.0
2022-06-23,813.9000244140625,980.0999755859376,803.2999877929688,947.5,947.5,48170.0
2022-06-24,896.7000122070312,943.7999877929688,840.8599853515625,920.0,920.0,36640.0
2022-06-27,877.9000244140625,879.5999755859375,797.9000244140625,819.2000122070312,819.2000122070312,39860.0
2022-06-28,751.4000244140625,792.7999877929688,702.5,749.2000122070312,749.2000122070312,38940.0
2022-06-29,720.0,853.7999877929688,707.0999755859375,848.0,848.0,44280.0
2022-06-30,900.7000122070312,931.7100219726562,834.5999755859375,893.4000244140625,893.4000244140625,54510.0
2022-07-01,863.5,951.0,844.5999755859375,859.7000122070312,859.7000122070312,33610.0
2022-07-05,912.5,1022.2000122070312,897.9000244140625,962.7999877929688,962.7999877929688,51420.0
2022-07-06,1005.5999755859376,1108.0999755859375,949.0,1008.0999755859376,1008.0999755859376,42800.0
2022-07-07,926.9000244140624,929.2000122070312,873.6799926757812,897.5999755859375,897.5999755859375,38860.0
2022-07-08,860.9000244140625,941.0999755859376,852.5499877929688,895.5,895.5,25830.0
2022-07-11,936.5,965.72998046875,901.3499755859376,919.7999877929688,919.7999877929688,27180.0
2022-07-12,990.0,1037.300048828125,964.2000122070312,983.4000244140624,983.4000244140624,28410.0
2022-07-13,1026.0,1026.0,924.5999755859376,993.7999877929688,993.7999877929688,28730.0
2022-07-14,1079.5,1140.0,1048.0,1050.6500244140625,1050.6500244140625,32150.0
2022-07-15,996.7999877929688,1036.6199951171875,967.2999877929688,977.0999755859376,977.0999755859376,21020.0
2022-07-18,903.5999755859376,928.4000244140624,860.0,916.7000122070312,916.7000122070312,26630.0
2022-07-19,918.0,924.5,815.9000244140625,827.0,827.0,38450.0
2022-07-20,851.5999755859375,858.7000122070312,778.0,790.0,790.0,29410.0
2022-07-21,848.2999877929688,910.5399780273438,840.4000244140625,844.0999755859375,844.0999755859375,37800.0
2022-07-22,843.7000122070312,885.010009765625,810.0,862.7000122070312,862.7000122070312,20000.0
2022-07-25,835.5,862.7000122070312,758.0599975585938,761.0,761.0,26240.0
2022-07-26,725.0,810.780029296875,718.7999877929688,792.2000122070312,792.2000122070312,31290.0
2022-07-27,768.0999755859375,795.0999755859375,712.2999877929688,728.5999755859375,728.5999755859375,19180.0
2022-07-28,700.0,755.9000244140625,680.5,718.0,718.0,28880.0
2022-07-29,680.760009765625,689.5999755859375,634.2000122070312,639.7000122070312,639.7000122070312,42770.0
2022-08-01,672.7000122070312,705.4000244140625,663.0999755859375,675.5,675.5,39970.0
2022-08-02,675.2999877929688,696.7000122070312,652.5,675.0,675.0,16230.0
2022-08-03,668.0,756.7000122070312,658.5,747.2999877929688,747.2999877929688,36660.0
2022-08-04,760.0,830.0,752.5,821.4000244140625,821.4000244140625,62190.0
2022-08-05,858.4000244140625,858.4000244140625,743.4000244140625,762.5999755859375,762.5999755859375,39720.0
2022-08-08,768.5999755859375,770.0,728.0,753.4000244140625,753.4000244140625,28490.0
2022-08-09,715.0,719.0,672.7999877929688,701.2000122070312,701.2000122070312,36070.0
2022-08-10,699.0,740.9000244140625,670.5999755859375,684.7999877929688,684.7999877929688,37800.0
2022-08-11,646.0999755859375,651.2000122070312,592.2000122070312,606.9000244140625,606.9000244140625,51800.0
2022-08-12,619.7000122070312,623.7000122070312,585.0,585.7999877929688,585.7999877929688,32460.0
2022-08-15,649.2000122070312,666.4000244140625,610.0,618.7000122070312,618.7000122070312,44530.0
2022-08-16,610.0,640.47998046875,590.0,620.0999755859375,620.0999755859375,43280.0
2022-08-17,621.7000122070312,630.0499877929688,574.9099731445312,596.4000244140625,596.4000244140625,32600.0
2022-08-18,578.7999877929688,578.7999877929688,544.4199829101562,547.4000244140625,547.4000244140625,45080.0
2022-08-19,557.5999755859375,560.0,527.2999877929688,533.5,533.5,49960.0
2022-08-22,549.0,579.2000122070312,527.5,538.2000122070312,538.2000122070312,51120.0
2022-08-23,512.2000122070312,512.2000122070312,465.5,479.7000122070313,479.7000122070313,72650.0
2022-08-24,477.3999938964844,484.5,459.0499877929688,461.8999938964844,461.8999938964844,54390.0
2022-08-25,450.3999938964844,461.5,441.0,447.6000061035156,447.6000061035156,61970.0
2022-08-26,448.1000061035156,467.0,432.0899963378906,461.0,461.0,66970.0
2022-08-29,461.3999938964844,467.5,420.7000122070313,441.5,441.5,86580.0
2022-08-30,463.0,497.8999938964844,463.0,486.7999877929688,486.7999877929688,124790.0
2022-08-31,519.5999755859375,528.9000244140625,473.3999938964844,500.3999938964844,500.3999938964844,112510.0
2022-09-01,521.9000244140625,565.4000244140625,520.0,543.4000244140625,543.4000244140625,111030.0
2022-09-02,500.1000061035156,522.5,489.0,510.7999877929688,510.7999877929688,59120.0
2022-09-06,497.2000122070313,535.9000244140625,494.0,528.9000244140625,528.9000244140625,48400.0
2022-09-07,564.7999877929688,580.0,542.0,548.7999877929688,548.7999877929688,79540.0
2022-09-08,540.7000122070312,562.5999755859375,534.7000122070312,546.5999755859375,546.5999755859375,55940.0
2022-09-09,513.4000244140625,529.5999755859375,499.5899963378906,507.7999877929688,507.7999877929688,41980.0
2022-09-12,485.7000122070313,496.5,461.0,478.7000122070313,478.7000122070313,54390.0
2022-09-13,500.3999938964844,521.0,477.2000122070313,514.2000122070312,514.2000122070312,83190.0
2022-09-14,501.2000122070313,501.2000122070313,460.6000061035156,476.7999877929688,476.7999877929688,64260.0
2022-09-15,499.2000122070313,525.2000122070312,499.1000061035156,519.0999755859375,519.0999755859375,57900.0
2022-09-16,530.4000244140625,573.5999755859375,522.5999755859375,545.5,545.5,88180.0
2022-09-19,592.7999877929688,595.2999877929688,546.0,548.0,548.0,60560.0
2022-09-20,557.7000122070312,573.6900024414062,539.9000244140625,549.9000244140625,549.9000244140625,65460.0
2022-09-21,521.9000244140625,576.7999877929688,513.2000122070312,576.5999755859375,576.5999755859375,50990.0
2022-09-22,550.0,578.7000122070312,540.0,577.5999755859375,577.5999755859375,58690.0
2022-09-23,642.5999755859375,710.0,641.5,695.2000122070312,695.2000122070312,142220.0
2022-09-26,711.010009765625,749.0,679.7000122070312,744.7999877929688,744.7999877929688,54610.0
2022-09-27,705.0,730.0,673.4500122070312,713.2999877929688,713.2999877929688,55620.0
2022-09-28,695.2999877929688,704.9000244140625,583.7999877929688,590.3300170898438,590.3300170898438,65660.0
2022-09-29,606.0,636.2999877929688,584.9000244140625,588.7999877929688,588.7999877929688,64160.0
2022-09-30,605.0,624.3200073242188,575.8200073242188,600.4000244140625,600.4000244140625,52580.0
2022-10-03,535.4000244140625,535.5999755859375,485.2000122070313,497.7000122070313,497.7000122070313,59280.0
2022-10-04,464.7999877929688,478.7000122070313,426.1000061035156,428.0,428.0,71750.0
2022-10-05,427.7999877929688,444.2000122070313,395.7000122070313,406.6000061035156,406.6000061035156,134530.0
2022-10-06,413.5,416.0,381.7999877929688,385.6000061035156,385.6000061035156,83950.0
2022-10-07,381.5,404.7999877929688,368.2000122070313,394.3999938964844,394.3999938964844,163640.0
2022-10-10,392.2999877929688,428.1000061035156,380.7000122070313,424.2999877929688,424.2999877929688,155450.0
2022-10-11,450.3999938964844,460.2000122070313,418.5,441.0,441.0,139970.0
2022-10-12,449.7999877929688,460.9500122070313,412.3999938964844,422.5,422.5,111790.0
2022-10-13,441.1000061035156,441.5,361.6099853515625,369.5,369.5,159540.0
2022-10-14,380.0,417.0,364.0,414.7000122070313,414.7000122070313,128170.0
2022-10-17,393.1000061035156,405.0,375.0,399.2000122070313,399.2000122070313,66820.0
2022-10-18,389.3999938964844,413.1000061035156,378.0,387.8999938964844,387.8999938964844,121130.0
2022-10-19,390.3999938964844,390.3999938964844,351.70001220703125,356.5,356.5,124840.0
2022-10-20,347.0,357.5,332.29998779296875,351.29998779296875,351.29998779296875,100900.0
2022-10-21,345.6000061035156,348.1000061035156,321.95001220703125,322.5,322.5,136920.0
2022-10-24,322.29998779296875,328.5,310.8999938964844,318.79998779296875,318.79998779296875,102320.0
2022-10-25,323.29998779296875,332.20001220703125,316.5,323.1000061035156,323.1000061035156,71790.0
2022-10-26,318.79998779296875,322.5,302.0,310.20001220703125,310.20001220703125,149920.0
2022-10-27,296.79998779296875,309.3999938964844,289.3999938964844,306.20001220703125,306.20001220703125,223910.0
2022-10-28,298.0,323.8999938964844,290.0,308.8999938964844,308.8999938964844,220610.0
2022-10-31,317.5,319.70001220703125,289.8999938964844,305.20001220703125,305.20001220703125,194360.0
2022-11-01,290.5,299.70001220703125,286.8099975585937,292.79998779296875,292.79998779296875,178310.0
2022-11-02,296.8999938964844,323.79998779296875,296.29998779296875,322.0,322.0,319110.0
2022-11-03,326.1000061035156,329.79998779296875,292.79998779296875,299.3999938964844,299.3999938964844,187370.0
2022-11-04,276.20001220703125,302.6000061035156,266.0,292.8999938964844,292.8999938964844,282810.0
2022-11-07,289.8999938964844,292.20001220703125,274.79998779296875,277.5,277.5,253750.0
2022-11-08,279.3999938964844,288.70001220703125,273.7099914550781,277.8999938964844,277.8999938964844,240330.0
2022-11-09,287.8999938964844,321.8999938964844,286.29998779296875,320.29998779296875,320.29998779296875,354670.0
2022-11-10,296.70001220703125,319.29998779296875,294.79998779296875,296.70001220703125,296.70001220703125,270690.0
2022-11-11,282.0,282.3999938964844,262.79998779296875,265.5,265.5,298910.0
2022-11-14,268.5,268.70001220703125,251.0500030517578,267.6000061035156,267.6000061035156,325670.0
2022-11-15,261.20001220703125,269.1000061035156,255.5,256.8999938964844,256.8999938964844,261920.0
2022-11-16,264.79998779296875,278.17999267578125,259.79998779296875,274.0,274.0,267370.0
2022-11-17,286.5,292.20001220703125,268.8999938964844,269.6000061035156,269.6000061035156,255640.0
2022-11-18,284.70001220703125,295.8999938964844,275.5,278.20001220703125,278.20001220703125,214890.0
2022-11-21,295.70001220703125,316.79998779296875,286.1000061035156,291.6000061035156,291.6000061035156,248290.0
2022-11-22,280.5,282.7900085449219,258.79998779296875,261.6000061035156,261.6000061035156,176760.0
2022-11-23,273.29998779296875,279.1000061035156,264.6000061035156,270.3999938964844,270.3999938964844,139920.0
2022-11-25,268.20001220703125,273.1000061035156,261.70001220703125,271.8999938964844,271.8999938964844,58240.0
2022-11-28,291.70001220703125,297.70001220703125,282.20001220703125,296.29998779296875,296.29998779296875,165510.0
2022-11-29,285.5,291.0,278.1000061035156,285.8999938964844,285.8999938964844,131350.0
2022-11-30,276.3999938964844,298.0,273.5,286.1000061035156,286.1000061035156,151500.0
2022-12-01,280.4800109863281,292.0,276.5,290.5,290.5,102230.0
2022-12-02,293.6000061035156,304.5799865722656,285.29998779296875,299.7900085449219,299.7900085449219,207000.0
2022-12-05,288.6400146484375,336.0,285.8800048828125,329.6400146484375,329.6400146484375,281500.0
2022-12-06,337.8399963378906,365.3500061035156,323.7099914550781,357.2099914550781,357.2099914550781,202500.0
2022-12-07,356.989990234375,367.6199951171875,343.5119934082031,356.82000732421875,356.82000732421875,105800.0
2022-12-08,334.0199890136719,375.4299926757813,332.82000732421875,369.8500061035156,369.8500061035156,123700.0
2022-12-09,370.9800109863281,397.6199951171875,363.4800109863281,397.6199951171875,397.6199951171875,133500.0
2022-12-12,390.8999938964844,395.8399963378906,363.25,365.4200134277344,365.4200134277344,94600.0
2022-12-13,339.989990234375,356.3500061035156,336.29998779296875,350.79400634765625,350.79400634765625,108200.0
2022-12-14,344.6400146484375,365.260009765625,338.0,356.17999267578125,356.17999267578125,77600.0
2022-12-15,369.510009765625,381.2000122070313,359.510009765625,359.510009765625,359.510009765625,100600.0
2022-12-16,380.3200073242188,389.9100036621094,371.0,373.9800109863281,373.9800109863281,122300.0
2022-12-19,368.2000122070313,380.9200134277344,357.8299865722656,373.489990234375,373.489990234375,67900.0
2022-12-20,371.6300048828125,374.9490051269531,351.4100036621094,360.3699951171875,360.3699951171875,106400.0
2022-12-21,338.0,353.6000061035156,334.7130126953125,339.4630126953125,339.4630126953125,80300.0
2022-12-22,339.0,383.3999938964844,338.0,364.5499877929688,364.5499877929688,103400.0
2022-12-23,350.010009765625,354.0,325.5599975585937,325.75,325.75,97100.0
2022-12-27,320.4200134277344,324.4200134277344,311.6400146484375,314.4800109863281,314.4800109863281,55600.0
2022-12-28,317.29998779296875,340.3999938964844,317.29998779296875,337.8699951171875,337.8699951171875,91900.0
2022-12-29,344.4599914550781,344.4599914550781,324.79400634765625,329.3299865722656,329.3299865722656,47800.0
2022-12-30,334.8800048828125,334.8800048828125,321.7099914550781,322.4100036621094,322.4100036621094,60900.0
2023-01-03,334.4599914550781,369.9700012207031,326.0,360.9700012207031,360.9700012207031,101900.0
2023-01-04,380.0,380.0,354.2099914550781,359.4800109863281,359.4800109863281,91600.0
2023-01-05,360.4400024414063,360.4400024414063,330.6499938964844,332.57000732421875,332.57000732421875,82600.0
2023-01-06,322.20001220703125,323.0950012207031,301.7900085449219,316.010009765625,316.010009765625,105900.0
2023-01-09,300.0299987792969,325.17999267578125,299.79998779296875,321.739990234375,321.739990234375,70500.0
2023-01-10,317.7900085449219,330.0,312.489990234375,314.6000061035156,314.6000061035156,44700.0
2023-01-11,305.3500061035156,320.58599853515625,304.0,312.75,312.75,55500.0
2023-01-12,307.010009765625,308.1849975585937,288.0,293.57000732421875,293.57000732421875,76700.0
2023-01-13,295.6700134277344,303.0,289.9360046386719,292.4599914550781,292.4599914550781,58000.0
2023-01-17,288.19000244140625,296.0,279.25,293.1600036621094,293.1600036621094,70900.0
2023-01-18,287.7699890136719,304.5899963378906,272.17999267578125,303.2799987792969,303.2799987792969,82300.0
2023-01-19,307.5400085449219,310.7200012207031,285.7449951171875,288.7900085449219,288.7900085449219,78200.0
2023-01-20,288.760009765625,293.0,274.3099975585937,274.3099975585937,274.3099975585937,67400.0
2023-01-23,271.1099853515625,275.5190124511719,262.2799987792969,273.010009765625,273.010009765625,67400.0
2023-01-24,274.9100036621094,292.489990234375,273.2300109863281,277.1400146484375,277.1400146484375,84400.0
2023-01-25,281.7900085449219,293.3900146484375,277.2200012207031,277.2200012207031,277.2200012207031,63800.0
2023-01-26,265.2900085449219,275.0,249.7729949951172,249.7729949951172,249.7729949951172,139900.0
2023-01-27,252.9900054931641,264.70001220703125,246.43099975585935,264.57000732421875,264.57000732421875,112000.0
2023-01-30,270.0400085449219,287.0350036621094,269.5,285.95001220703125,285.95001220703125,95600.0
2023-01-31,287.67999267578125,296.5899963378906,281.93798828125,286.0299987792969,286.0299987792969,47600.0
2023-02-01,287.6199951171875,319.4599914550781,287.6199951171875,308.8299865722656,308.8299865722656,86700.0
2023-02-02,315.0,340.0,314.3110046386719,328.19000244140625,328.19000244140625,65000.0
2023-02-03,321.7890014648437,336.3900146484375,310.1000061035156,334.9700012207031,334.9700012207031,54800.0
2023-02-06,332.3500061035156,356.3739929199219,328.3800048828125,342.57000732421875,342.57000732421875,39800.0
2023-02-07,334.8479919433594,340.9700012207031,301.8500061035156,302.69000244140625,302.69000244140625,60500.0
2023-02-08,300.4800109863281,314.42498779296875,297.010009765625,310.0799865722656,310.0799865722656,70600.0
2023-02-09,311.3999938964844,318.8599853515625,307.5480041503906,318.20001220703125,318.20001220703125,40300.0
2023-02-10,304.75,304.75,272.20001220703125,273.79998779296875,273.79998779296875,95400.0
2023-02-13,279.8800048828125,287.3399963378906,273.8999938964844,276.239990234375,276.239990234375,39200.0
2023-02-14,284.1300048828125,284.5,269.3399963378906,272.7900085449219,272.7900085449219,60500.0
2023-02-15,286.2300109863281,307.34698486328125,284.739990234375,299.2900085449219,299.2900085449219,75500.0
2023-02-16,300.6000061035156,314.3099975585937,297.1300048828125,313.2799987792969,313.2799987792969,44500.0
2023-02-17,326.3900146484375,353.3599853515625,326.3900146484375,347.9700012207031,347.9700012207031,79900.0
2023-02-21,348.3399963378906,350.8800048828125,341.1700134277344,346.9800109863281,346.9800109863281,42300.0
2023-02-22,351.7099914550781,365.0,343.8009948730469,357.1400146484375,357.1400146484375,46800.0
2023-02-23,342.5,356.84600830078125,335.7070007324219,342.77801513671875,342.77801513671875,30000.0
2023-02-24,356.17999267578125,368.6000061035156,346.510009765625,350.07000732421875,350.07000732421875,46500.0
2023-02-27,344.6499938964844,351.95001220703125,339.5,342.5400085449219,342.5400085449219,29400.0
2023-02-28,331.17999267578125,358.1199951171875,331.17999267578125,357.25,357.25,22500.0
2023-03-01,356.156005859375,356.156005859375,323.0299987792969,324.8999938964844,324.8999938964844,46600.0
2023-03-02,328.8999938964844,331.29998779296875,314.3099975585937,317.6440124511719,317.6440124511719,36700.0
2023-03-03,329.3999938964844,330.0,299.5,304.0,304.0,34200.0
2023-03-06,307.79998779296875,316.5199890136719,305.4200134277344,306.3900146484375,306.3900146484375,38300.0
2023-03-07,311.239990234375,325.92999267578125,309.8299865722656,322.989990234375,322.989990234375,30100.0
2023-03-08,324.25,343.0,312.3309936523437,332.3599853515625,332.3599853515625,53200.0
2023-03-09,321.739990234375,343.7799987792969,308.8099975585937,342.6300048828125,342.6300048828125,34700.0
2023-03-10,342.6300048828125,358.04998779296875,326.0,353.92999267578125,353.92999267578125,58500.0
2023-03-13,378.0499877929688,402.3999938964844,366.7300109863281,382.6900024414063,382.6900024414063,55200.0
2023-03-14,379.8529968261719,387.0,341.0690002441406,367.0299987792969,367.0299987792969,44100.0
2023-03-15,405.0,444.6199951171875,400.7300109863281,429.8900146484375,429.8900146484375,122800.0
2023-03-16,451.6000061035156,458.7539978027344,404.0499877929688,405.7200012207031,405.7200012207031,57300.0
2023-03-17,407.1099853515625,432.2550048828125,403.6799926757813,420.4299926757813,420.4299926757813,44500.0
2023-03-20,417.4800109863281,418.9400024414063,388.0,395.989990234375,395.989990234375,33100.0
2023-03-21,376.0199890136719,376.0199890136719,358.6159973144531,362.6000061035156,362.6000061035156,34600.0
2023-03-22,358.010009765625,381.5700073242188,355.7200012207031,381.5700073242188,381.5700073242188,29100.0
2023-03-23,375.0,404.75,364.56201171875,394.5799865722656,394.5799865722656,26200.0
2023-03-24,414.6300048828125,425.239990234375,387.3500061035156,393.4200134277344,393.4200134277344,33400.0
2023-03-27,376.0299987792969,390.6499938964844,359.6099853515625,364.7200012207031,364.7200012207031,32900.0
2023-03-28,366.7200012207031,366.7200012207031,337.6099853515625,343.0299987792969,343.0299987792969,40000.0
2023-03-29,330.010009765625,336.29998779296875,326.4200134277344,326.4200134277344,326.4200134277344,29600.0
2023-03-30,320.5,330.010009765625,318.1099853515625,325.32000732421875,325.32000732421875,21200.0
2023-03-31,324.7300109863281,327.1499938964844,319.0,319.59600830078125,319.59600830078125,16600.0
2023-04-03,277.1400146484375,289.0899963378906,271.5199890136719,277.760009765625,277.760009765625,94800.0
2023-04-04,275.0,306.3299865722656,275.0,300.5799865722656,300.5799865722656,55400.0
2023-04-05,299.3599853515625,303.29901123046875,282.2699890136719,282.2699890136719,282.2699890136719,44500.0
2023-04-06,284.135009765625,296.94000244140625,284.135009765625,295.2099914550781,295.2099914550781,37300.0
2023-04-10,285.1600036621094,285.6000061035156,273.0299987792969,283.2799987792969,283.2799987792969,39400.0
2023-04-11,280.8599853515625,281.94000244140625,270.8800048828125,275.260009765625,275.260009765625,34700.0
2023-04-12,271.8299865722656,276.0,268.0,274.739990234375,274.739990234375,33900.0
2023-04-13,275.8900146484375,277.0,267.79998779296875,270.4800109863281,270.4800109863281,21600.0
2023-04-14,269.0,273.739990234375,263.79998779296875,269.5150146484375,269.5150146484375,25000.0
2023-04-17,273.3399963378906,284.5299987792969,272.5299987792969,283.0599975585937,283.0599975585937,27100.0
2023-04-18,287.9700012207031,291.20001220703125,280.4800109863281,283.5400085449219,283.5400085449219,33400.0
2023-04-19,291.0,301.29998779296875,289.69000244140625,289.69000244140625,289.69000244140625,39100.0
2023-04-20,301.75,306.79998779296875,297.9100036621094,297.94000244140625,297.94000244140625,36900.0
2023-04-21,295.739990234375,309.1300048828125,295.739990234375,304.6400146484375,304.6400146484375,36400.0
2023-04-24,307.07000732421875,307.07000732421875,289.1029968261719,292.8800048828125,292.8800048828125,32600.0
2023-04-25,301.19000244140625,314.2349853515625,301.19000244140625,310.2799987792969,310.2799987792969,37700.0
2023-04-26,311.57000732421875,322.8699951171875,305.79998779296875,316.9800109863281,316.9800109863281,39100.0
2023-04-27,317.8299865722656,334.0,316.9159851074219,322.9800109863281,322.9800109863281,29700.0
2023-04-28,327.42999267578125,327.42999267578125,302.3699951171875,309.5799865722656,309.5799865722656,45500.0
2023-05-01,320.5199890136719,321.1000061035156,308.0799865722656,315.239990234375,315.239990234375,34300.0
2023-05-02,326.0,363.0,326.0,353.8800048828125,353.8800048828125,54900.0
2023-05-03,366.0,376.510009765625,358.4209899902344,373.1199951171875,373.1199951171875,36700.0
2023-05-04,372.5499877929688,393.2200012207031,369.6099853515625,391.3500061035156,391.3500061035156,42900.0
2023-05-05,360.010009765625,362.9100036621094,346.17401123046875,361.010009765625,361.010009765625,30300.0
2023-05-08,344.010009765625,359.9800109863281,340.0,359.8900146484375,359.8900146484375,24300.0
2023-05-09,366.6799926757813,369.5700073242188,348.0199890136719,358.7099914550781,358.7099914550781,30200.0
2023-05-10,360.0,373.8900146484375,360.0,366.760009765625,366.760009765625,43200.0
2023-05-11,380.9800109863281,384.6400146484375,371.5,375.0,375.0,33500.0
2023-05-12,364.6789855957031,383.6499938964844,364.3800048828125,376.9299926757813,376.9299926757813,29900.0
2023-05-15,368.1600036621094,378.5,363.0,368.9200134277344,368.9200134277344,24700.0
2023-05-16,370.2799987792969,395.2999877929688,370.2799987792969,394.4129943847656,394.4129943847656,18100.0
2023-05-17,378.3900146484375,387.614013671875,362.2820129394531,368.8599853515625,368.8599853515625,28600.0
2023-05-18,374.1600036621094,383.0,363.5199890136719,364.260009765625,364.260009765625,26400.0
2023-05-19,354.2699890136719,360.0,345.0,356.1000061035156,356.1000061035156,31900.0
2023-05-22,356.0,357.3099975585937,344.4010009765625,355.3999938964844,355.3999938964844,31100.0
2023-05-23,345.2699890136719,350.9200134277344,335.0899963378906,349.6000061035156,349.6000061035156,39200.0
2023-05-24,339.7300109863281,352.5679931640625,338.0780029296875,345.75,345.75,32300.0
2023-05-25,360.2990112304688,373.3500061035156,359.80499267578125,364.6000061035156,364.6000061035156,45000.0
2023-05-26,354.3999938964844,371.3900146484375,354.3999938964844,365.05999755859375,365.05999755859375,22000.0
2023-05-30,378.3800048828125,388.1830139160156,375.7999877929688,377.4800109863281,377.4800109863281,30100.0
2023-05-31,391.010009765625,402.1199951171875,389.3590087890625,399.7300109863281,399.7300109863281,39600.0
2023-06-01,393.2200012207031,402.0899963378906,374.7799987792969,389.9400024414063,389.9400024414063,32400.0
2023-06-02,370.0,370.8190002441406,350.32000732421875,354.32000732421875,354.32000732421875,36400.0
2023-06-05,340.07000732421875,366.5899963378906,339.4700012207031,364.25,364.25,18900.0
2023-06-06,374.6499938964844,378.3399963378906,357.3210144042969,357.3500061035156,357.3500061035156,20200.0
2023-06-07,351.739990234375,352.8299865722656,325.0,325.42999267578125,325.42999267578125,53000.0
2023-06-08,324.3800048828125,345.0,322.8399963378906,331.20001220703125,331.20001220703125,41300.0
2023-06-09,335.0,340.5799865722656,328.7200012207031,333.6499938964844,333.6499938964844,35400.0
2023-06-12,349.5,351.0,334.94500732421875,345.5400085449219,345.5400085449219,37600.0
2023-06-13,336.8099975585937,344.0400085449219,320.7900085449219,343.8399963378906,343.8399963378906,38200.0
2023-06-14,333.20001220703125,362.3299865722656,333.20001220703125,355.0599975585937,355.0599975585937,57900.0
2023-06-15,344.7900085449219,345.25,335.010009765625,342.92999267578125,342.92999267578125,31500.0
2023-06-16,338.2799987792969,345.2179870605469,334.67999267578125,340.4800109863281,340.4800109863281,53100.0
2023-06-20,345.7900085449219,372.2200012207031,345.7900085449219,366.5700073242188,366.5700073242188,30600.0
2023-06-21,371.0,372.697998046875,350.3869934082031,359.7900085449219,359.7900085449219,26500.0
2023-06-22,372.8599853515625,381.0,368.80999755859375,374.239990234375,374.239990234375,23100.0
2023-06-23,388.8299865722656,390.1600036621094,378.0,381.5799865722656,381.5799865722656,29800.0
2023-06-26,378.8699951171875,378.9599914550781,356.2300109863281,361.4800109863281,361.4800109863281,25600.0
2023-06-27,362.8599853515625,368.7799987792969,357.4599914550781,361.989990234375,361.989990234375,19900.0
2023-06-28,365.5299987792969,370.7460021972656,349.0,351.0050048828125,351.0050048828125,36400.0
2023-06-29,348.0799865722656,350.79998779296875,339.2900085449219,339.94000244140625,339.94000244140625,23100.0
2023-06-30,333.6700134277344,340.9949951171875,326.8949890136719,333.0299987792969,333.0299987792969,30400.0
2023-07-03,329.9800109863281,330.1400146484375,321.9289855957031,327.9129943847656,327.9129943847656,22800.0
2023-07-05,326.92999267578125,337.7550048828125,326.7200012207031,334.6679992675781,334.6679992675781,16900.0
2023-07-06,345.57000732421875,365.0,338.8399963378906,359.20001220703125,359.20001220703125,37100.0
2023-07-07,361.6440124511719,361.6440124511719,323.0599975585937,333.1199951171875,333.1199951171875,46900.0
2023-07-10,338.1499938964844,338.1499938964844,326.0,332.0,332.0,22100.0
2023-07-11,327.0,327.0,306.9800109863281,307.70001220703125,307.70001220703125,59700.0
2023-07-12,300.1700134277344,303.57000732421875,294.2200012207031,299.739990234375,299.739990234375,54600.0
2023-07-13,297.94000244140625,307.9800109863281,291.614990234375,301.0199890136719,301.0199890136719,40600.0
2023-07-14,308.0,326.239990234375,307.5,325.1499938964844,325.1499938964844,53300.0
2023-07-17,328.9100036621094,331.0,322.1300048828125,328.67999267578125,328.67999267578125,24400.0
2023-07-18,327.5599975585937,327.5599975585937,304.44000244140625,313.6300048828125,313.6300048828125,28300.0
2023-07-19,313.4700012207031,313.4700012207031,301.010009765625,306.32000732421875,306.32000732421875,23000.0
2023-07-20,300.1099853515625,301.07000732421875,292.0050048828125,293.9410095214844,293.9410095214844,49300.0
2023-07-21,289.9599914550781,292.739990234375,282.14898681640625,282.79998779296875,282.79998779296875,39900.0
2023-07-24,279.5199890136719,279.5199890136719,259.5199890136719,267.8099975585937,267.8099975585937,66800.0
2023-07-25,269.1499938964844,273.5450134277344,257.29998779296875,262.34698486328125,262.34698486328125,44800.0
2023-07-26,268.86199951171875,268.86199951171875,256.3599853515625,259.17999267578125,259.17999267578125,34000.0
2023-07-27,254.3999938964844,265.0,250.0,263.25,263.25,88500.0
2023-07-28,266.5899963378906,269.0,256.5899963378906,256.5899963378906,256.5899963378906,32300.0
2023-07-31,252.32000732421875,252.32000732421875,243.2010040283203,245.67999267578125,245.67999267578125,49600.0
2023-08-01,250.0,254.5,246.1199951171875,247.05999755859372,247.05999755859372,39200.0
2023-08-02,250.0,259.1730041503906,243.00999450683597,254.83999633789065,254.83999633789065,45100.0
2023-08-03,257.2300109863281,260.3599853515625,242.67999267578125,249.5399932861328,249.5399932861328,59900.0
2023-08-04,245.0,246.5,236.32000732421875,245.8000030517578,245.8000030517578,83500.0
2023-08-07,243.0,246.47000122070312,240.0,244.63999938964844,244.63999938964844,46100.0
2023-08-08,253.1100006103516,260.29998779296875,238.69500732421875,239.1699981689453,239.1699981689453,48000.0
2023-08-09,234.0800018310547,235.3600006103516,221.67999267578125,230.27999877929688,230.27999877929688,89900.0
2023-08-10,228.5189971923828,232.3800048828125,220.6450042724609,228.2669982910156,228.2669982910156,59100.0
2023-08-11,226.0,226.0,215.1929931640625,216.3600006103516,216.3600006103516,64800.0
2023-08-14,219.8600006103516,224.6999969482422,218.6499938964844,220.7259979248047,220.7259979248047,39700.0
2023-08-15,228.32000732421875,236.9279937744141,226.50999450683597,235.47999572753903,235.47999572753903,49300.0
2023-08-16,233.0,240.94000244140625,225.94000244140625,240.94000244140625,240.94000244140625,43300.0
2023-08-17,231.1199951171875,232.7899932861328,221.6100006103516,231.6499938964844,231.6499938964844,70700.0
2023-08-18,234.82000732421875,235.0,225.0,225.92999267578125,225.92999267578125,44800.0
2023-08-21,221.41000366210935,235.3000030517578,220.1199951171875,231.1999969482422,231.1999969482422,35800.0
2023-08-22,229.6499938964844,236.3600006103516,228.0,235.0399932861328,235.0399932861328,24300.0
2023-08-23,241.8699951171875,251.38999938964844,240.00999450683597,240.00999450683597,240.00999450683597,44000.0
2023-08-24,244.1300048828125,246.89700317382807,238.0,244.75999450683597,244.75999450683597,26200.0
2023-08-25,240.0200042724609,247.22000122070312,233.1000061035156,236.55999755859372,236.55999755859372,43200.0
2023-08-28,234.3600006103516,238.25999450683597,228.5,234.47999572753903,234.47999572753903,20800.0
2023-08-29,234.17999267578125,240.0,232.5800018310547,233.5279998779297,233.5279998779297,31400.0
2023-08-30,231.0,233.0,229.6009979248047,230.5399932861328,230.5399932861328,38500.0
2023-08-31,227.8999938964844,236.7700042724609,227.6999969482422,230.0399932861328,230.0399932861328,34900.0
2023-09-01,222.08999633789065,222.08999633789065,214.20700073242188,215.3500061035156,215.3500061035156,76200.0
2023-09-05,212.3999938964844,212.3999938964844,204.0,209.92999267578125,209.92999267578125,49300.0
2023-09-06,211.97999572753903,214.8800048828125,205.6000061035156,210.17999267578125,210.17999267578125,28600.0
2023-09-07,210.5,211.44000244140625,206.17300415039065,209.55999755859372,209.55999755859372,32500.0
2023-09-08,204.00999450683597,207.41000366210935,195.4499969482422,199.6100006103516,199.6100006103516,86800.0
2023-09-11,195.94000244140625,209.25,193.5,207.3999938964844,207.3999938964844,50700.0
2023-09-12,201.0,202.3300018310547,192.5959930419922,194.1000061035156,194.1000061035156,61000.0
2023-09-13,193.3699951171875,200.33999633789065,192.0,197.1100006103516,197.1100006103516,38900.0
2023-09-14,192.7100067138672,192.75999450683597,188.30999755859372,190.9199981689453,190.9199981689453,58000.0
2023-09-15,194.9900054931641,199.63999938964844,191.19000244140625,199.63999938964844,199.63999938964844,60000.0
2023-09-18,194.00999450683597,197.5,190.4900054931641,194.1999969482422,194.1999969482422,33500.0
2023-09-19,189.0,205.6000061035156,189.0,202.44000244140625,202.44000244140625,94700.0
2023-09-20,205.3500061035156,209.77999877929688,198.8000030517578,209.77999877929688,209.77999877929688,72900.0
2023-09-21,204.7100067138672,217.42999267578125,199.91099548339844,216.52999877929688,216.52999877929688,123700.0
2023-09-22,211.77999877929688,218.84800720214844,208.06100463867188,218.1499938964844,218.1499938964844,75700.0
2023-09-25,218.0,218.0,209.9600067138672,210.8000030517578,210.8000030517578,46800.0
2023-09-26,215.0,217.0399932861328,210.0,214.0,214.0,106600.0
2023-09-27,205.9499969482422,207.3999938964844,195.6999969482422,198.6499938964844,198.6499938964844,136200.0
2023-09-28,198.6499938964844,200.27999877929688,192.41000366210935,196.3999938964844,196.3999938964844,47400.0
2023-09-29,195.0,210.0,195.0,209.13999938964844,209.13999938964844,125600.0
2023-10-02,209.8600006103516,225.75100708007807,208.9620056152344,222.16000366210935,222.16000366210935,57400.0
2023-10-03,225.1499938964844,233.5,225.0,226.5500030517578,226.5500030517578,79100.0
2023-10-04,235.47999572753903,257.3999938964844,234.91000366210935,251.08999633789065,251.08999633789065,112600.0
2023-10-05,260.0,260.0,248.0,256.20001220703125,256.20001220703125,46700.0
2023-10-06,247.66000366210935,255.1999969482422,236.6999969482422,244.5,244.5,41100.0
2023-10-09,223.25,232.61900329589844,218.6300048828125,221.4600067138672,221.4600067138672,68400.0
2023-10-10,221.92999267578125,224.53599548339844,215.16000366210935,219.3000030517578,219.3000030517578,35800.0
2023-10-11,224.0,231.5,223.31300354003903,223.31300354003903,223.31300354003903,55400.0
2023-10-12,219.07000732421875,227.69000244140625,218.1999969482422,225.1499938964844,225.1499938964844,27600.0
2023-10-13,216.38999938964844,216.38999938964844,207.00999450683597,211.7700042724609,211.7700042724609,49100.0
2023-10-16,207.6300048828125,210.19000244140625,203.88999938964844,206.0,206.0,36000.0
2023-10-17,206.7700042724609,206.7700042724609,199.0,200.05999755859372,200.05999755859372,51500.0
2023-10-18,198.0399932861328,198.0500030517578,189.6100006103516,191.6100006103516,191.6100006103516,56000.0
2023-10-19,193.57000732421875,199.00999450683597,188.6529998779297,192.6000061035156,192.6000061035156,40700.0
2023-10-20,192.1000061035156,203.0,191.22999572753903,202.27999877929688,202.27999877929688,46300.0
2023-10-23,207.5399932861328,215.47999572753903,206.4499969482422,212.5,212.5,70100.0
2023-10-24,210.8999938964844,221.4900054931641,210.05999755859372,221.16000366210935,221.16000366210935,50400.0
2023-10-25,220.75,225.22999572753903,217.66000366210935,223.6300048828125,223.6300048828125,50000.0
2023-10-26,228.22000122070312,236.6699981689453,227.94000244140625,229.1999969482422,229.1999969482422,45800.0
2023-10-27,229.0200042724609,246.8000030517578,229.0200042724609,244.42999267578125,244.42999267578125,55200.0
2023-10-30,242.00999450683597,249.32000732421875,236.5800018310547,241.13999938964844,241.13999938964844,23100.0
2023-10-31,238.1300048828125,246.66700744628903,236.0,236.0,236.0,16200.0
2023-11-01,233.3999938964844,237.66000366210935,226.17100524902344,237.66000366210935,237.66000366210935,38200.0
2023-11-02,236.55499267578125,236.55499267578125,217.7700042724609,218.2899932861328,218.2899932861328,29700.0
2023-11-03,220.82000732421875,230.63999938964844,218.67999267578125,226.9499969482422,226.9499969482422,26800.0
2023-11-06,224.27999877929688,235.82000732421875,222.3800048828125,234.0399932861328,234.0399932861328,12000.0
2023-11-07,243.1999969482422,253.2400054931641,243.1999969482422,249.8000030517578,249.8000030517578,40600.0
2023-11-08,249.9199981689453,257.8900146484375,246.2899932861328,257.4100036621094,257.4100036621094,28700.0
2023-11-09,252.16000366210935,262.32000732421875,250.0,262.0199890136719,262.0199890136719,30100.0
2023-11-10,253.9499969482422,260.2850036621094,250.5800018310547,251.3800048828125,251.3800048828125,18800.0
2023-11-13,251.5,252.0,245.41000366210935,245.6100006103516,245.6100006103516,12000.0
2023-11-14,243.2400054931641,244.0,237.0,239.1199951171875,239.1199951171875,21100.0
2023-11-15,241.0,241.0800018310547,231.4199981689453,240.42999267578125,240.42999267578125,25400.0
2023-11-16,246.2400054931641,262.2099914550781,246.0,255.0800018310547,255.0800018310547,33400.0
2023-11-17,249.47999572753903,249.47999572753903,232.9600067138672,238.7400054931641,238.7400054931641,28500.0
2023-11-20,236.25999450683597,236.3999938964844,230.57000732421875,235.50999450683597,235.50999450683597,14400.0
2023-11-21,239.8800048828125,244.1199951171875,238.5,239.42999267578125,239.42999267578125,16000.0
2023-11-22,251.8300018310547,257.0,238.80999755859372,239.4199981689453,239.4199981689453,41500.0
2023-11-24,235.5200042724609,238.05999755859372,230.7899932861328,237.1499938964844,237.1499938964844,13400.0
2023-11-27,239.07699584960935,245.0,238.3600006103516,239.0399932861328,239.0399932861328,17500.0
2023-11-28,237.42999267578125,238.7100067138672,232.0200042724609,238.0,238.0,21000.0
2023-11-29,232.55999755859372,246.0800018310547,232.55999755859372,244.22000122070312,244.22000122070312,28400.0
2023-11-30,238.6499938964844,246.3300018310547,228.75,237.8500061035156,237.8500061035156,36900.0
2023-12-01,233.6300048828125,235.00999450683597,225.5,235.00999450683597,235.00999450683597,50900.0
2023-12-04,242.8999938964844,242.8999938964844,233.56500244140625,237.8800048828125,237.8800048828125,42400.0
2023-12-05,239.19000244140625,248.0,237.38999938964844,247.75999450683597,247.75999450683597,38400.0
2023-12-06,253.9900054931641,263.2099914550781,250.2899932861328,261.989990234375,261.989990234375,69800.0
2023-12-07,255.79299926757807,269.0799865722656,253.5,267.4800109863281,267.4800109863281,37200.0
2023-12-08,261.0,263.4700012207031,257.29998779296875,260.54998779296875,260.54998779296875,27100.0
2023-12-11,260.0429992675781,262.9100036621094,255.0,256.25,256.25,23000.0
2023-12-12,263.29998779296875,270.5799865722656,263.29998779296875,267.5899963378906,267.5899963378906,31000.0
2023-12-13,268.4200134277344,269.0199890136719,253.59500122070312,254.13999938964844,254.13999938964844,33200.0
2023-12-14,244.80999755859372,245.2400054931641,230.88999938964844,230.88999938964844,230.88999938964844,31400.0
2023-12-15,234.44000244140625,239.0800018310547,233.25100708007807,233.25100708007807,233.25100708007807,15300.0
2023-12-18,225.13999938964844,226.5200042724609,218.8999938964844,226.5200042724609,226.5200042724609,37600.0
2023-12-19,223.7899932861328,226.72000122070312,216.5,217.5200042724609,217.5200042724609,26700.0
2023-12-20,214.07000732421875,222.2400054931641,210.0,222.2100067138672,222.2100067138672,46900.0
2023-12-21,220.3500061035156,226.72000122070312,219.3999938964844,221.8560028076172,221.8560028076172,23700.0
2023-12-22,215.3600006103516,221.0,213.5,220.1999969482422,220.1999969482422,25200.0
2023-12-26,214.72000122070312,217.0,210.88499450683597,214.2700042724609,214.2700042724609,29700.0
2023-12-27,216.0,219.1499938964844,213.6699981689453,217.47999572753903,217.47999572753903,29600.0
2023-12-28,222.27999877929688,229.4900054931641,219.5,229.33999633789065,229.33999633789065,35000.0
2023-12-29,229.83999633789065,232.0200042724609,226.02999877929688,229.80999755859372,229.80999755859372,27900.0
2024-01-02,226.19000244140625,226.67999267578125,217.0760040283203,222.5200042724609,222.5200042724609,39000.0
2024-01-03,220.92999267578125,224.39700317382807,207.55999755859372,210.57000732421875,210.57000732421875,37500.0
2024-01-04,207.88999938964844,222.47999572753903,205.0,222.1999969482422,222.1999969482422,34900.0
2024-01-05,217.75,226.77999877929688,216.0800018310547,224.25999450683597,224.25999450683597,35900.0
2024-01-08,235.0,242.9499969482422,229.2899932861328,229.7400054931641,229.7400054931641,43500.0
2024-01-09,228.5399932861328,242.1300048828125,227.58999633789065,240.0,240.0,30200.0
2024-01-10,239.4499969482422,251.38299560546875,239.4499969482422,249.8350067138672,249.8350067138672,37300.0
2024-01-11,246.1320037841797,248.3699951171875,242.0,244.9199981689453,244.9199981689453,17700.0
2024-01-12,231.82000732421875,238.77999877929688,230.0,234.67999267578125,234.67999267578125,22800.0
2024-01-16,234.0,251.9499969482422,233.6499938964844,251.27999877929688,251.27999877929688,32300.0
2024-01-17,258.8599853515625,260.8500061035156,251.69000244140625,259.00201416015625,259.00201416015625,34000.0
2024-01-18,258.989990234375,269.79998779296875,258.989990234375,261.20001220703125,261.20001220703125,24900.0
2024-01-19,262.67999267578125,264.69000244140625,258.0599975585937,258.0599975585937,258.0599975585937,25200.0
2024-01-22,264.2900085449219,264.2900085449219,253.8999938964844,255.3950042724609,255.3950042724609,30600.0
2024-01-23,256.260009765625,256.3299865722656,248.71099853515625,253.7700042724609,253.7700042724609,20400.0
2024-01-24,250.0500030517578,250.7700042724609,242.5,242.6320037841797,242.6320037841797,33500.0
2024-01-25,237.77999877929688,239.47999572753903,224.92999267578125,224.92999267578125,224.92999267578125,31100.0
2024-01-26,225.0,230.6199951171875,218.3600006103516,218.5800018310547,218.5800018310547,25100.0
2024-01-29,218.77999877929688,225.7700042724609,218.77999877929688,220.6000061035156,220.6000061035156,32700.0
2024-01-30,225.02999877929688,225.02999877929688,207.0500030517578,207.27999877929688,207.27999877929688,51600.0
2024-01-31,205.02999877929688,217.6000061035156,205.0,217.6000061035156,217.6000061035156,48900.0
