Date,Adj Close,Close,High,Low,Open,Volume,Buy,Sell
2020-01-02,90.63951873779295,96.25,96.25,94.66000366210938,95.5,903800,,
2020-01-03,89.01036071777344,94.5199966430664,95.45999908447266,93.02999877929688,93.19000244140624,474800,,
2020-01-06,89.05744171142578,94.56999969482422,94.63999938964844,92.30999755859376,92.5,449200,,
2020-01-07,87.36237335205078,92.7699966430664,94.2699966430664,92.72000122070312,94.01000213623048,433300,,
2020-01-08,89.19869995117188,94.72000122070312,95.87999725341795,92.62999725341795,92.94000244140624,674600,94.72000122070312,
2020-01-09,90.94087982177734,96.56999969482422,96.7300033569336,95.62000274658205,96.1999969482422,386400,,
2020-01-10,89.98033905029297,95.5500030517578,97.0,95.2300033569336,96.91999816894533,425200,,
2020-01-13,92.40052032470705,98.12000274658205,98.12000274658205,95.86000061035156,96.37999725341795,595900,,
2020-01-14,91.45880126953124,97.12000274658205,98.70999908447266,96.6999969482422,98.66000366210938,1131100,,
2020-01-15,91.67539978027344,97.3499984741211,98.02999877929688,96.0,96.4000015258789,416500,,
2020-01-16,94.12384796142578,99.9499969482422,99.9499969482422,98.30999755859376,98.54000091552734,836200,,
2020-01-17,95.31981658935548,101.22000122070312,101.41000366210938,100.2300033569336,101.0,728600,,
2020-01-21,94.4911117553711,100.33999633789062,101.80999755859376,100.06999969482422,100.1500015258789,483200,,
2020-01-22,94.93372344970705,100.80999755859376,102.23999786376952,100.41000366210938,101.4000015258789,425600,,
2020-01-23,95.12206268310548,101.01000213623048,101.25,98.63999938964844,100.1999969482422,422100,,
2020-01-24,92.31575775146484,98.02999877929688,101.26000213623048,96.5999984741211,101.26000213623048,841300,,98.02999877929688
2020-01-27,88.58660888671875,94.06999969482422,95.26000213623048,92.25,93.0,798100,,
2020-01-28,90.98796844482422,96.62000274658205,97.76000213623048,94.9000015258789,95.41999816894533,525400,,
2020-01-29,90.81844329833984,96.44000244140624,98.4499969482422,96.37000274658205,97.87000274658205,346800,96.44000244140624,
2020-01-30,93.37047576904295,99.1500015258789,99.36000061035156,94.1999969482422,94.4000015258789,790300,,
2020-01-31,87.65431213378906,93.08000183105467,97.27999877929688,92.04000091552734,97.0500030517578,1159000,,93.08000183105467
2020-02-03,89.72605895996094,95.27999877929688,97.41999816894533,94.41000366210938,94.91999816894533,704000,,
2020-02-04,92.80545806884766,98.5500030517578,100.44000244140624,98.27999877929688,98.27999877929688,649000,98.5500030517578,
2020-02-05,96.00727081298828,101.9499969482422,102.0199966430664,100.22000122070312,101.41000366210938,832200,,
2020-02-06,96.02609252929688,101.97000122070312,103.3499984741211,101.6500015258789,103.18000030517578,487900,,
2020-02-07,95.10320281982422,100.98999786376952,101.66000366210938,99.87000274658205,100.83000183105467,794300,,
2020-02-10,96.69470977783205,102.68000030517578,102.68000030517578,100.12999725341795,100.13999938964844,481800,,
2020-02-11,97.74000549316406,103.79000091552734,105.37999725341795,103.5,103.8499984741211,572100,,
2020-02-12,98.34270477294922,104.43000030517578,105.1999969482422,104.05999755859376,105.0,608600,,
2020-02-13,99.44450378417967,105.5999984741211,106.22000122070312,103.08999633789062,103.66000366210938,613100,,
2020-02-14,100.8005599975586,107.04000091552734,107.06999969482422,105.54000091552734,105.79000091552734,433500,,
2020-02-18,99.30323791503906,105.4499969482422,106.97000122070312,104.12000274658205,106.5999984741211,706000,,
2020-02-19,100.30145263671876,106.51000213623048,107.44000244140624,105.9499969482422,106.2699966430664,312700,,
2020-02-20,100.71580505371094,106.9499969482422,108.12999725341795,103.77999877929688,106.01000213623048,591000,,
2020-02-21,97.9942626953125,104.05999755859376,106.0999984741211,102.62000274658205,106.0,692900,,104.05999755859376
2020-02-24,89.3587875366211,94.88999938964844,97.45999908447266,93.41999816894533,94.83999633789062,1389500,,
2020-02-25,79.84751892089844,84.79000091552734,95.5500030517578,83.80000305175781,95.5,1949900,,
2020-02-26,77.75694274902344,82.56999969482422,88.44999694824219,82.5,86.08000183105469,1913400,,
2020-02-27,67.65238952636719,71.83999633789062,80.80000305175781,71.68000030517578,77.5999984741211,2714800,,
2020-02-28,63.43354797363281,67.36000061035156,68.88999938964844,62.02999877929688,65.27999877929688,3375900,,
2020-03-02,72.67172241210938,77.16999816894531,77.36000061035156,66.5,68.0,2304600,77.16999816894531,
2020-03-03,66.22101593017578,70.31999969482422,79.80000305175781,68.29000091552734,77.61000061035156,2624700,,70.31999969482422
2020-03-04,73.04839324951172,77.56999969482422,77.69999694824219,71.0,73.79000091552734,1390400,,
2020-03-05,64.43174743652344,68.41999816894531,72.48999786376953,66.05000305175781,71.9800033569336,2203600,,
2020-03-06,59.22409439086914,62.88999938964844,64.26000213623047,58.02999877929688,62.31999969482422,2503900,,
2020-03-09,42.38633346557617,45.0099983215332,51.27999877929688,43.56999969482422,49.369998931884766,3545400,,
2020-03-10,49.44915390014648,52.5099983215332,52.52000045776367,44.59000015258789,49.93999862670898,3497400,,
2020-03-11,41.28455352783203,43.84000015258789,48.66999816894531,41.900001525878906,47.65999984741211,4054200,,
2020-03-12,29.84276962280273,31.690000534057617,40.27000045776367,31.14999961853028,33.11000061035156,5820300,,
2020-03-13,38.36523818969727,40.7400016784668,40.95000076293945,32.08000183105469,36.7599983215332,4521500,,
2020-03-16,23.410892486572266,24.86000061035156,31.8799991607666,24.850000381469727,27.61000061035156,7340800,,
2020-03-17,24.55978012084961,26.07999992370605,27.59000015258789,22.0,25.170000076293945,5812300,,
2020-03-18,18.137325286865234,19.26000022888184,22.76000022888184,16.510000228881836,22.049999237060547,8384100,,
2020-03-19,18.947195053100582,20.1200008392334,21.600000381469727,17.5,18.6200008392334,5990500,,
2020-03-20,16.828346252441406,17.8700008392334,21.950000762939453,17.600000381469727,21.420000076293945,6038500,,
2020-03-23,14.125640869140623,15.0,17.34000015258789,14.25,17.34000015258789,13300200,,
2020-03-24,19.05636978149414,20.06999969482422,20.190000534057617,17.299999237060547,17.329999923706055,10131700,20.06999969482422,
2020-03-25,21.2212142944336,22.350000381469727,24.88999938964844,19.26000022888184,20.82999992370605,15124000,,
2020-03-26,25.07616424560547,26.40999984741211,26.75,23.01000022888184,23.100000381469727,9408300,,
2020-03-27,22.996776580810547,24.21999931335449,26.46999931335449,22.51000022888184,23.700000762939453,7398800,,
2020-03-30,24.34505271911621,25.63999938964844,25.89999961853028,22.76000022888184,24.290000915527344,7657800,,
2020-03-31,22.27515411376953,23.459999084472656,25.43000030517578,22.809999465942383,25.0,6874500,,
2020-04-01,18.268285751342773,19.239999771118164,20.43000030517578,18.600000381469727,20.350000381469727,8446300,,19.239999771118164
2020-04-02,19.36969757080078,20.39999961853028,20.979999542236328,18.739999771118164,18.8799991607666,7377100,,
2020-04-03,18.20182609558105,19.170000076293945,20.57999992370605,18.309999465942383,19.89999961853028,6655000,,
2020-04-06,22.512527465820312,23.709999084472656,24.1299991607666,21.86000061035156,22.15999984741211,12382700,23.709999084472656,
2020-04-07,23.00626373291016,24.229999542236328,27.600000381469727,24.15999984741211,27.350000381469727,12435400,,
2020-04-08,26.39596176147461,27.799999237060547,28.15999984741211,24.520000457763672,25.64999961853028,9560200,,
2020-04-09,29.77616500854492,31.36000061035156,32.31999969482422,29.65999984741211,30.229999542236328,14110900,,
2020-04-13,26.718793869018555,28.13999938964844,31.790000915527344,27.100000381469727,31.75,9226200,,
2020-04-14,27.658796310424805,29.1299991607666,30.700000762939453,28.09000015258789,30.700000762939453,8871500,,
2020-04-15,24.33555793762207,25.6299991607666,26.5,25.14999961853028,26.39999961853028,8353500,,25.6299991607666
2020-04-16,23.091720581054688,24.31999969482422,25.89999961853028,23.57999992370605,25.86000061035156,8726300,,
2020-04-17,26.38646507263184,27.790000915527344,28.040000915527344,26.280000686645508,27.01000022888184,7637600,27.790000915527344,
2020-04-20,24.55394554138184,25.86000061035156,27.190000534057617,25.239999771118164,26.209999084472656,7481500,,
2020-04-21,22.398590087890625,23.59000015258789,24.84000015258789,23.280000686645508,24.200000762939453,7278500,,23.59000015258789
2020-04-22,23.547481536865234,24.799999237060547,25.299999237060547,24.3700008392334,25.020000457763672,4055800,,
2020-04-23,23.2816219329834,24.520000457763672,25.96999931335449,24.350000381469727,25.1200008392334,5085700,24.520000457763672,
2020-04-24,24.06020736694336,25.34000015258789,25.64999961853028,24.14999961853028,25.14999961853028,4262900,,
2020-04-27,26.547882080078125,27.959999084472656,28.1200008392334,26.049999237060547,26.11000061035156,5789200,,
2020-04-28,27.15555763244629,28.600000381469727,30.56999969482422,28.280000686645508,30.1200008392334,7532400,,
2020-04-29,29.909099578857425,31.5,32.16999816894531,30.6299991607666,30.739999771118164,6817500,,
2020-04-30,27.867685317993164,29.350000381469727,30.239999771118164,28.71999931335449,30.0,5171600,,
2020-05-01,25.256572723388672,26.600000381469727,27.63999938964844,26.200000762939453,27.18000030517578,6409300,,26.600000381469727
2020-05-04,25.01919746398925,26.350000381469727,26.450000762939453,24.86000061035156,25.64999961853028,5364500,,
2020-05-05,25.237585067749023,26.57999992370605,27.959999084472656,26.5,27.709999084472656,5643500,,
2020-05-06,24.08869361877441,25.3700008392334,27.450000762939453,25.299999237060547,27.26000022888184,4441000,,
2020-05-07,25.82626914978028,27.200000762939453,28.32999992370605,26.290000915527344,26.290000915527344,6256100,27.200000762939453,
2020-05-08,27.222028732299805,28.670000076293945,28.84000015258789,27.920000076293945,28.440000534057617,4548700,,
2020-05-11,26.063640594482425,27.450000762939453,28.190000534057617,27.040000915527344,27.790000915527344,4263500,,
2020-05-12,23.746875762939453,25.01000022888184,27.96999931335449,25.0,27.940000534057617,7292500,,25.01000022888184
2020-05-13,21.838394165039062,23.0,24.61000061035156,22.51000022888184,24.57999992370605,10805300,,
2020-05-14,23.1961669921875,24.43000030517578,24.440000534057617,21.209999084472656,22.06999969482422,11855700,,
2020-05-15,23.00626373291016,24.229999542236328,24.40999984741211,23.1200008392334,23.65999984741211,5875400,24.229999542236328,
2020-05-18,26.50040626525879,27.90999984741211,28.3799991607666,26.549999237060547,26.549999237060547,10868500,,
2020-05-19,25.047679901123047,26.3799991607666,28.14999961853028,26.3799991607666,27.63999938964844,5361500,,
2020-05-20,26.614351272583008,28.030000686645508,28.43000030517578,27.61000061035156,27.670000076293945,5346400,,
2020-05-21,26.225059509277344,27.6200008392334,28.3799991607666,27.14999961853028,27.799999237060547,3918900,,
2020-05-22,26.40545654296875,27.809999465942383,27.82999992370605,26.93000030517578,27.790000915527344,3628200,,
2020-05-26,29.49131965637207,31.059999465942383,31.690000534057617,30.299999237060547,30.34000015258789,9075900,,
2020-05-27,31.979001998901367,33.68000030517578,34.060001373291016,31.440000534057617,33.93000030517578,9098000,,
2020-05-28,31.304861068725582,32.970001220703125,34.599998474121094,32.61000061035156,34.5,5269900,,
2020-05-29,30.64970016479492,32.279998779296875,33.04999923706055,31.270000457763672,32.04999923706055,6021300,,
2020-06-01,31.74162483215332,33.43000030517578,33.83000183105469,32.08000183105469,32.5,3841100,,
2020-06-02,32.5486946105957,34.279998779296875,34.81999969482422,33.709999084472656,34.27000045776367,4477100,,
2020-06-03,35.58708190917969,37.47999954223633,37.77999877929688,35.79999923706055,36.130001068115234,10577100,,
2020-06-04,36.30868911743164,38.2400016784668,38.27999877929688,36.31999969482422,37.5,7552000,,
2020-06-05,40.2301025390625,42.369998931884766,44.0,41.63999938964844,43.810001373291016,9988100,,
2020-06-08,42.08162689208984,44.31999969482422,44.7599983215332,42.83000183105469,44.7599983215332,7714400,,
2020-06-09,40.0971794128418,42.22999954223633,43.130001068115234,41.130001068115234,41.810001373291016,5369500,,
2020-06-10,36.8214225769043,38.77999877929688,42.130001068115234,38.75,42.02000045776367,8443200,,
2020-06-11,28.864652633666992,30.39999961853028,35.16999816894531,30.3799991607666,33.790000915527344,14887800,,30.39999961853028
2020-06-12,31.33333969116211,33.0,33.720001220703125,30.65999984741211,33.54999923706055,9869000,,
2020-06-15,32.37778854370117,34.099998474121094,34.459999084472656,29.75,29.93000030517578,8310700,34.099998474121094,
2020-06-16,33.9824333190918,35.790000915527344,38.04999923706055,33.86000061035156,38.02999877929688,9051100,,
2020-06-17,32.91898727416992,34.66999816894531,36.11000061035156,34.47999954223633,36.02000045776367,4611200,,
2020-06-18,32.74808883666992,34.4900016784668,34.97999954223633,33.529998779296875,33.689998626708984,3594000,,
2020-06-19,31.61819076538086,33.29999923706055,36.18999862670898,32.70000076293945,36.0,7134000,,33.29999923706055
2020-06-22,31.846065521240234,33.540000915527344,33.880001068115234,32.349998474121094,33.0,4427200,,
2020-06-23,32.184452056884766,33.86000061035156,35.029998779296875,33.7400016784668,34.65999984741211,4887000,33.86000061035156,
2020-06-24,28.819623947143555,30.31999969482422,32.81999969482422,29.6200008392334,32.79999923706055,9919100,,30.31999969482422
2020-06-25,30.663623809814453,32.2599983215332,32.369998931884766,29.90999984741211,29.959999084472656,8174100,,
2020-06-26,27.583959579467773,29.020000457763672,31.32999992370605,29.0,30.8700008392334,10570900,,
2020-06-29,28.467937469482425,29.950000762939453,30.1200008392334,28.76000022888184,29.729999542236328,4131500,,
2020-06-30,29.74163055419922,31.290000915527344,31.729999542236328,29.729999542236328,29.770000457763672,4971900,31.290000915527344,
2020-07-01,29.950742721557617,31.51000022888184,32.16999816894531,30.90999984741211,31.479999542236328,4465100,,
2020-07-02,29.998268127441406,31.559999465942383,33.5,31.3700008392334,33.06999969482422,5313000,,
2020-07-06,31.167404174804688,32.790000915527344,33.68000030517578,32.47999954223633,33.220001220703125,4411300,,
2020-07-07,29.47548484802246,31.01000022888184,32.2599983215332,30.770000457763672,32.119998931884766,4294600,,31.01000022888184
2020-07-08,30.1978759765625,31.770000457763672,31.950000762939453,30.700000762939453,31.170000076293945,4704200,,
2020-07-09,28.68655586242676,30.18000030517578,31.850000381469727,29.190000534057617,31.729999542236328,5650800,,
2020-07-10,30.36896705627441,31.950000762939453,31.989999771118164,29.989999771118164,30.0,5795600,31.950000762939453,
2020-07-13,29.836679458618164,31.38999938964844,33.29999923706055,31.18000030517578,32.83000183105469,6403700,,
2020-07-14,30.67313575744629,32.27000045776367,32.38999938964844,30.61000061035156,31.020000457763672,5064100,,
2020-07-15,32.29851150512695,33.97999954223633,34.22999954223633,33.02000045776367,34.0,5975600,,
2020-07-16,31.842269897460938,33.5,34.06999969482422,32.88999938964844,33.20000076293945,3390500,,
2020-07-17,31.861268997192383,33.52000045776367,33.84000015258789,32.93000030517578,33.79999923706055,2587400,,
2020-07-20,31.861268997192383,33.52000045776367,33.900001525878906,32.95000076293945,33.279998779296875,2562000,,
2020-07-21,32.83079528808594,34.540000915527344,35.08000183105469,34.06999969482422,34.16999816894531,3286000,,
2020-07-22,33.29655075073242,35.029998779296875,35.13999938964844,34.0099983215332,34.08000183105469,2833900,,
2020-07-23,33.134971618652344,34.86000061035156,35.5,34.119998931884766,34.95000076293945,2700400,,
2020-07-24,32.50763320922852,34.20000076293945,34.880001068115234,33.97999954223633,34.5099983215332,2313100,,34.20000076293945
2020-07-27,32.55515670776367,34.25,34.36000061035156,33.029998779296875,34.36000061035156,2287700,,
2020-07-28,32.59317398071289,34.290000915527344,34.810001373291016,33.779998779296875,33.970001220703125,1901900,34.290000915527344,
2020-07-29,34.48469924926758,36.27999877929688,36.36000061035156,34.29999923706055,34.29999923706055,2692100,,
2020-07-30,33.33456802368164,35.06999969482422,35.2400016784668,33.790000915527344,34.689998626708984,3061500,,
2020-07-31,33.239524841308594,34.970001220703125,35.41999816894531,33.599998474121094,35.41999816894531,3327300,,
2020-08-03,33.429622650146484,35.16999816894531,35.599998474121094,34.720001220703125,35.36000061035156,1905100,,
2020-08-04,33.372596740722656,35.11000061035156,35.38999938964844,34.650001525878906,34.97999954223633,1619500,,
2020-08-05,34.684303283691406,36.4900016784668,36.72999954223633,35.7400016784668,35.75,3014900,,
2020-08-06,34.87440490722656,36.68999862670898,36.88999938964844,35.97999954223633,36.45000076293945,1823900,,
2020-08-07,36.19563293457031,38.08000183105469,38.130001068115234,36.04999923706055,36.31999969482422,2662400,,
2020-08-10,36.27166366577149,38.15999984741211,38.7400016784668,37.869998931884766,38.72999954223633,3246500,,
2020-08-11,36.661380767822266,38.56999969482422,40.380001068115234,38.310001373291016,39.560001373291016,5223000,,
2020-08-12,36.85148239135742,38.77000045776367,40.119998931884766,38.11000061035156,40.06999969482422,2841900,,
2020-08-13,36.262168884277344,38.150001525878906,38.9900016784668,37.77999877929688,38.400001525878906,2622700,,38.150001525878906
2020-08-14,36.35722351074219,38.25,38.86000061035156,37.59999847412109,37.81999969482422,1639700,,
2020-08-17,35.929481506347656,37.79999923706055,38.31999969482422,37.720001220703125,38.06999969482422,1830500,,
2020-08-18,35.41619873046875,37.2599983215332,38.0,36.900001525878906,37.880001068115234,2335000,,
2020-08-19,34.94094467163086,36.7599983215332,37.91999816894531,36.470001220703125,37.45000076293945,2134900,,
2020-08-20,34.817386627197266,36.630001068115234,36.84999847412109,35.540000915527344,35.7599983215332,1858200,,
2020-08-21,34.57975769042969,36.380001068115234,36.97999954223633,36.02999877929688,36.43999862670898,1267300,,
2020-08-24,36.376220703125,38.27000045776367,38.27999877929688,36.59999847412109,37.09999847412109,2143000,38.27000045776367,
2020-08-25,36.85148239135742,38.77000045776367,39.09999847412109,38.040000915527344,39.0,2016300,,
2020-08-26,36.56632995605469,38.470001220703125,38.7599983215332,38.02999877929688,38.75,1585700,,
2020-08-27,38.08715438842773,40.06999969482422,40.59999847412109,38.540000915527344,38.540000915527344,3557700,,
2020-08-28,38.914093017578125,40.93999862670898,41.060001373291016,39.84000015258789,40.75,2611400,,
2020-08-31,37.56437683105469,39.52000045776367,40.88999938964844,39.52000045776367,40.88999938964844,2710400,,
2020-09-01,38.03963088989258,40.02000045776367,40.20000076293945,38.810001373291016,39.34000015258789,2074100,,
2020-09-02,39.77906799316406,41.84999847412109,42.130001068115234,39.84000015258789,40.31999969482422,4110700,,
2020-09-03,37.38378143310547,39.33000183105469,42.77999877929688,38.5,42.02000045776367,5231900,,39.33000183105469
2020-09-04,37.06060028076172,38.9900016784668,40.75,36.9900016784668,40.68999862670898,4797700,,
2020-09-08,34.42766189575195,36.220001220703125,37.75,35.88999938964844,37.75,3294600,,
2020-09-09,35.76789474487305,37.630001068115234,38.369998931884766,36.79999923706055,37.25,2315300,,
2020-09-10,34.21855163574219,36.0,38.59999847412109,35.7599983215332,38.25,2440400,,
2020-09-11,34.23755645751953,36.02000045776367,36.54999923706055,35.189998626708984,36.369998931884766,1884500,,
2020-09-14,36.08156204223633,37.959999084472656,38.59000015258789,36.810001373291016,36.81999969482422,2476200,37.959999084472656,
2020-09-15,35.644325256347656,37.5,38.75,37.31999969482422,38.61000061035156,1989200,,
2020-09-16,36.38573455810547,38.27999877929688,39.560001373291016,37.630001068115234,37.630001068115234,2649100,,
2020-09-17,35.26412582397461,37.09999847412109,37.70000076293945,36.2400016784668,36.869998931884766,2626000,,37.09999847412109
2020-09-18,34.3896484375,36.18000030517578,37.36000061035156,35.79999923706055,37.310001373291016,2031400,,
2020-09-21,32.098915100097656,33.77000045776367,34.36000061035156,32.54999923706055,34.0,4467400,,
2020-09-22,31.115657806396484,32.689998626708984,34.29999923706055,32.099998474121094,33.70000076293945,3006900,,
2020-09-23,29.18341827392578,30.65999984741211,33.77000045776367,30.64999961853028,33.099998474121094,3571700,,
2020-09-24,29.33571434020996,30.81999969482422,32.13999938964844,29.670000076293945,30.61000061035156,3600900,,
2020-09-25,30.287553787231445,31.81999969482422,32.060001373291016,30.020000457763672,30.309999465942383,3172400,31.81999969482422,
2020-09-28,32.37208557128906,34.0099983215332,34.72999954223633,32.93000030517578,32.97999954223633,3833100,,
2020-09-29,31.28697967529297,32.869998931884766,33.88999938964844,32.2599983215332,33.88999938964844,2828100,,
2020-09-30,32.238826751708984,33.869998931884766,34.810001373291016,33.08000183105469,33.09000015258789,3608700,,
2020-10-01,32.62907791137695,34.279998779296875,35.13999938964844,33.47999954223633,34.47999954223633,2175400,,
2020-10-02,33.35247802734375,35.040000915527344,35.66999816894531,32.349998474121094,32.369998931884766,4356700,,
2020-10-05,35.08483123779297,36.86000061035156,37.16999816894531,35.869998931884766,35.97999954223633,3381200,,
2020-10-06,34.07587814331055,35.79999923706055,38.56999969482422,35.529998779296875,37.5099983215332,5006700,,
2020-10-07,35.73208236694336,37.540000915527344,38.09999847412109,36.790000915527344,37.18999862670898,3217700,,
2020-10-08,37.23598098754883,39.119998931884766,39.41999816894531,38.040000915527344,38.220001220703125,2842300,,
2020-10-09,37.32165145874024,39.209999084472656,39.91999816894531,38.470001220703125,39.77000045776367,3149000,,
2020-10-12,38.59712600708008,40.54999923706055,40.88999938964844,39.2400016784668,39.540000915527344,2810900,,
2020-10-13,36.55065155029297,38.400001525878906,40.58000183105469,37.9900016784668,40.5099983215332,3506200,,38.400001525878906
2020-10-14,35.4560432434082,37.25,38.81999969482422,37.119998931884766,38.63999938964844,2524200,,
2020-10-15,36.28415298461914,38.119998931884766,38.22999954223633,36.02999877929688,36.02999877929688,2724700,,
2020-10-16,36.38885116577149,38.22999954223633,38.97999954223633,37.7400016784668,38.43999862670898,2427400,38.22999954223633,
2020-10-19,34.82783126831055,36.59000015258789,38.7400016784668,36.400001525878906,38.59999847412109,2496300,,36.59000015258789
2020-10-20,35.70352554321289,37.5099983215332,38.77999877929688,37.15999984741211,37.15999984741211,3003300,,
2020-10-21,35.53219223022461,37.33000183105469,38.2599983215332,37.18000030517578,37.470001220703125,2025000,37.33000183105469,
2020-10-22,37.3311653137207,39.220001220703125,39.400001525878906,37.130001068115234,37.27999877929688,2595500,,
2020-10-23,37.88323974609375,39.79999923706055,40.38999938964844,38.880001068115234,39.7400016784668,2254600,,
2020-10-26,35.427490234375,37.220001220703125,38.43999862670898,36.130001068115234,38.43999862670898,3652400,,37.220001220703125
2020-10-27,33.333438873291016,35.02000045776367,37.27999877929688,35.0,37.11000061035156,2947700,,
2020-10-28,30.99191665649414,32.560001373291016,33.79999923706055,31.959999084472656,33.20000076293945,3686600,,
2020-10-29,31.724828720092773,33.33000183105469,34.04999923706055,31.1299991607666,32.58000183105469,3336400,,
2020-10-30,31.99134635925293,33.61000061035156,33.83000183105469,32.04999923706055,32.869998931884766,2744400,33.61000061035156,
2020-11-02,33.828392028808594,35.540000915527344,35.93000030517578,34.060001373291016,34.720001220703125,3008400,,
2020-11-03,36.04618453979492,37.869998931884766,38.83000183105469,36.90999984741211,36.90999984741211,5014600,,
2020-11-04,34.799278259277344,36.560001373291016,38.4900016784668,35.029998779296875,36.90999984741211,4435700,,
2020-11-05,37.24550628662109,39.130001068115234,39.880001068115234,37.52000045776367,37.560001373291016,5234500,,
2020-11-06,36.37932968139648,38.220001220703125,39.77999877929688,37.88999938964844,39.5099983215332,2432800,,
2020-11-09,44.63178253173828,46.88999938964844,48.93000030517578,44.52000045776367,44.52000045776367,10290300,,
2020-11-10,45.83110809326172,48.150001525878906,48.47999954223633,45.95000076293945,46.900001525878906,2940700,,
2020-11-11,45.06010437011719,47.34000015258789,49.02000045776367,46.54999923706055,49.02000045776367,2807100,,
2020-11-12,42.88039779663086,45.04999923706055,45.93999862670898,43.7599983215332,45.900001525878906,3218500,,45.04999923706055
2020-11-13,44.89830780029297,47.16999816894531,47.709999084472656,45.880001068115234,45.93999862670898,2178600,,
2020-11-16,48.00130081176758,50.43000030517578,50.5,48.959999084472656,50.31999969482422,3191600,50.43000030517578,
2020-11-17,47.76333618164063,50.18000030517578,50.43000030517578,47.810001373291016,48.880001068115234,2177200,,
2020-11-18,46.48786926269531,48.84000015258789,51.95000076293945,48.79999923706055,50.72999954223633,2780200,,
2020-11-19,46.95427322387695,49.33000183105469,49.369998931884766,47.16999816894531,48.13999938964844,2154200,,
2020-11-20,45.70735931396485,48.02000045776367,49.09999847412109,47.790000915527344,48.7400016784668,1552700,,
2020-11-23,48.04889297485352,50.47999954223633,50.93999862670898,49.08000183105469,49.470001220703125,2514700,,
2020-11-24,53.00796890258789,55.68999862670898,55.720001220703125,52.70000076293945,52.810001373291016,3596000,,
2020-11-25,52.21795272827149,54.86000061035156,55.0,53.09999847412109,54.70000076293945,2453000,,
2020-11-27,51.58021545410156,54.18999862670898,54.9900016784668,53.81999969482422,54.93999862670898,1021800,,
2020-11-30,48.810359954833984,51.27999877929688,53.91999816894531,50.810001373291016,53.43000030517578,2221200,,
2020-12-01,50.87585067749024,53.45000076293945,54.61000061035156,53.18000030517578,53.720001220703125,2361400,,
2020-12-02,52.30361557006836,54.95000076293945,55.119998931884766,52.81999969482422,52.869998931884766,1627000,,
2020-12-03,52.360721588134766,55.0099983215332,55.880001068115234,54.13999938964844,54.900001525878906,2227600,,
2020-12-04,54.37863159179688,57.130001068115234,57.25,55.79999923706055,55.84999847412109,1894200,,
2020-12-07,53.09364700317383,55.77999877929688,56.31999969482422,55.119998931884766,56.290000915527344,1751400,,
2020-12-08,53.217384338378906,55.90999984741211,56.27999877929688,54.43000030517578,54.86000061035156,1297100,,
2020-12-09,52.93183517456055,55.61000061035156,56.84999847412109,54.93000030517578,56.709999084472656,2239700,,
2020-12-10,53.27449417114258,55.970001220703125,56.09999847412109,54.0,54.459999084472656,1440100,,
2020-12-11,51.84673309326172,54.470001220703125,54.84999847412109,53.150001525878906,54.2599983215332,1870100,,54.470001220703125
2020-12-14,50.12389755249024,52.65999984741211,56.33000183105469,52.650001525878906,56.20000076293945,1956000,,
2020-12-15,52.72241973876953,55.38999938964844,55.83000183105469,53.20000076293945,53.97999954223633,1780500,55.38999938964844,
2020-12-16,52.98894500732422,55.66999816894531,55.83000183105469,54.90999984741211,55.77999877929688,1184900,,
2020-12-17,53.44581985473633,56.150001525878906,56.36000061035156,55.2400016784668,55.95000076293945,1295800,,
2020-12-18,52.25602722167969,54.900001525878906,56.4900016784668,53.77000045776367,56.20000076293945,2546600,,54.900001525878906
2020-12-21,53.874149322509766,56.59999847412109,57.20000076293945,53.84000015258789,56.0,5260200,56.59999847412109,
2020-12-22,52.33859634399414,54.90999984741211,56.91999816894531,54.880001068115234,56.81999969482422,1946600,,54.90999984741211
2020-12-23,54.89309310913086,57.59000015258789,58.400001525878906,55.650001525878906,55.68000030517578,3101200,57.59000015258789,
2020-12-24,54.96934509277344,57.66999816894531,58.02999877929688,56.40999984741211,57.959999084472656,1054900,,
2020-12-28,55.81766891479492,58.560001373291016,59.84000015258789,58.0,59.150001525878906,2047500,,
2020-12-29,55.18857955932617,57.900001525878906,59.34999847412109,57.709999084472656,59.34999847412109,1767000,,
2020-12-30,55.970176696777344,58.720001220703125,59.18999862670898,58.13999938964844,58.34000015258789,1248500,,
2020-12-31,57.95276641845703,60.79999923706055,60.959999084472656,57.880001068115234,58.52000045776367,1896500,,
2021-01-04,55.60797119140625,58.34000015258789,61.619998931884766,56.869998931884766,61.619998931884766,3256700,,58.34000015258789
2021-01-05,56.35143661499024,59.119998931884766,59.79999923706055,57.41999816894531,58.119998931884766,1943500,,
2021-01-06,63.509742736816406,66.62999725341797,68.18000030517578,61.52999877929688,61.52999877929688,5332000,66.62999725341797,
2021-01-07,66.54082489013672,69.80999755859375,71.51000213623047,69.31999969482422,69.77999877929688,3066900,,
2021-01-08,66.04518127441406,69.29000091552734,70.68000030517578,66.63999938964844,70.5999984741211,2960500,,
2021-01-11,66.88397979736328,70.16999816894531,70.44000244140625,66.81999969482422,67.5199966430664,2146900,,
2021-01-12,68.98094940185547,72.37000274658203,73.11000061035156,70.70999908447266,71.0,2927000,,
2021-01-13,68.6092300415039,71.9800033569336,72.63999938964844,70.41999816894531,71.87000274658203,2111600,,
2021-01-14,69.5433349609375,72.95999908447266,73.80000305175781,71.7699966430664,72.63999938964844,2468200,,
2021-01-15,66.07379150390625,69.31999969482422,70.95999908447266,67.75,69.98999786376953,3138700,,69.31999969482422
2021-01-19,66.62662506103516,69.9000015258789,70.5999984741211,68.51000213623047,70.3499984741211,1835100,,
2021-01-20,65.8259506225586,69.05999755859375,70.55999755859375,68.33000183105469,70.44999694824219,1711400,,
2021-01-21,63.738525390625,66.87000274658203,69.41000366210938,66.80000305175781,69.01000213623047,1586300,,
2021-01-22,62.6042366027832,65.68000030517578,66.20999908447266,64.5999984741211,65.01000213623047,1984400,,
2021-01-25,61.43184661865234,64.44999694824219,64.62000274658203,61.880001068115234,64.5199966430664,2625400,,
2021-01-26,60.17365264892578,63.130001068115234,65.55000305175781,62.9900016784668,65.1500015258789,1470500,,
2021-01-27,54.54042053222656,57.220001220703125,60.5,56.95000076293945,60.47999954223633,3823500,,
2021-01-28,57.581031799316406,60.40999984741211,62.220001220703125,58.650001525878906,59.08000183105469,2726900,,
2021-01-29,54.34024810791016,57.0099983215332,60.40999984741211,56.150001525878906,59.88999938964844,3231900,,
2021-02-01,56.50394821166992,59.27999877929688,59.540000915527344,57.34999847412109,58.43000030517578,1811900,,
2021-02-02,60.47867202758789,63.45000076293945,64.26000213623047,61.27000045776367,61.41999816894531,2619800,63.45000076293945,
2021-02-03,61.32699203491211,64.33999633789062,64.52999877929688,63.02999877929688,63.720001220703125,1623000,,
2021-02-04,65.19686889648438,68.4000015258789,68.5,65.02999877929688,65.18000030517578,2338200,,
2021-02-05,65.48281860351562,68.69999694824219,69.98999786376953,68.08999633789062,69.69999694824219,2016300,,
2021-02-08,67.78948211669922,71.12000274658203,71.19999694824219,69.47000122070312,69.5,2144800,,
2021-02-09,68.3995361328125,71.76000213623047,72.2699966430664,70.12999725341797,70.52999877929688,1436900,,
2021-02-10,68.22795867919922,71.58000183105469,73.06999969482422,70.68000030517578,72.5,1739400,,
2021-02-11,68.04684448242188,71.38999938964844,72.68000030517578,69.7300033569336,71.98999786376953,2056200,,
2021-02-12,69.7530288696289,73.18000030517578,73.3499984741211,70.80999755859375,70.88999938964844,1512200,,
2021-02-16,73.36555480957031,76.97000122070312,77.63999938964844,74.62000274658203,75.27999877929688,2552200,,
2021-02-17,74.05183410644531,77.69000244140625,78.0,75.25,76.11000061035156,1706200,,
2021-02-18,72.9652099609375,76.55000305175781,77.55999755859375,74.62999725341797,76.08000183105469,1910300,,
2021-02-19,75.40534210205078,79.11000061035156,79.73999786376953,77.58999633789062,77.87000274658203,1956400,,
2021-02-22,77.19728088378906,80.98999786376953,81.83999633789062,78.16000366210938,78.16999816894531,2315400,,
2021-02-23,78.33155822753906,82.18000030517578,82.5199966430664,79.5,81.95999908447266,2900200,,
2021-02-24,83.03068542480469,87.11000061035156,87.55000305175781,82.54000091552734,82.8499984741211,3051400,,
2021-02-25,78.44595336914062,82.30000305175781,89.26000213623047,81.58999633789062,89.26000213623047,3618500,82.30000305175781,
2021-02-26,74.17573547363281,77.81999969482422,82.58000183105469,76.77999877929688,81.41000366210938,4228300,,77.81999969482422
2021-03-01,80.96231079101562,84.94000244140625,86.26000213623047,81.83999633789062,81.9000015258789,2148700,84.94000244140625,
2021-03-02,80.16162872314453,84.0999984741211,85.83000183105469,83.58000183105469,85.05999755859375,1607800,84.0999984741211,
2021-03-03,81.51513671875,85.5199966430664,89.26000213623047,84.36000061035156,84.36000061035156,2448700,85.5199966430664,
2021-03-04,78.57938385009766,82.44000244140625,87.12999725341797,78.81999969482422,85.13999938964844,3364200,,82.44000244140625
2021-03-05,82.92584228515625,87.0,87.62000274658203,80.01000213623047,85.87999725341797,2874900,87.0,
2021-03-08,86.26193237304688,90.5,93.83999633789062,87.94000244140625,89.0,3415300,90.5,
2021-03-09,84.44137573242188,88.58999633789062,92.08000183105467,85.7699966430664,89.08999633789062,2229400,88.58999633789062,
2021-03-10,89.02613067626953,93.4000015258789,94.44000244140624,89.30999755859375,89.73999786376953,2492700,93.4000015258789,
2021-03-11,88.51142883300781,92.86000061035156,94.9000015258789,90.86000061035156,93.05999755859376,2176700,92.86000061035156,
2021-03-12,91.3899917602539,95.87999725341795,96.8000030517578,94.86000061035156,95.5,1738000,95.87999725341795,
2021-03-15,90.3700942993164,94.80999755859376,97.0,92.0500030517578,97.0,2173900,94.80999755859376,
2021-03-16,87.65357208251953,91.95999908447266,93.58999633789062,89.93000030517578,93.5199966430664,1961400,,91.95999908447266
2021-03-17,89.15958404541016,93.54000091552734,95.0,90.80999755859376,93.37999725341795,2268800,,
2021-03-18,90.5893325805664,95.04000091552734,100.38999938964844,93.97000122070312,96.0,3818100,95.04000091552734,
2021-03-19,87.59638977050781,91.9000015258789,93.31999969482422,88.93000030517578,93.31999969482422,2824200,,91.9000015258789
2021-03-22,84.18401336669922,88.31999969482422,90.45999908447266,87.37999725341797,90.0999984741211,2543400,,88.31999969482422
2021-03-23,80.67027282714844,84.51000213623047,88.3499984741211,83.61000061035156,87.08000183105469,2259500,,84.51000213623047
2021-03-24,81.2907485961914,85.16000366210938,89.19000244140625,85.08999633789062,85.97000122070312,1743300,,
2021-03-25,85.01353454589844,89.05999755859375,89.55000305175781,82.83000183105469,84.54000091552734,2010900,89.05999755859375,
2021-03-26,89.19453430175781,93.44000244140624,93.83000183105467,90.05000305175781,92.20999908447266,2388700,93.44000244140624,
2021-03-29,86.84630584716797,90.9800033569336,92.8000030517578,88.20999908447266,89.75,2108100,90.9800033569336,
2021-03-30,89.022705078125,93.26000213623048,94.0199966430664,91.73999786376952,92.0,1417400,,
2021-03-31,86.74129486083984,90.87000274658205,93.66000366210938,90.69000244140624,92.69000244140624,1466100,,
2021-04-01,89.71954345703125,93.98999786376952,94.0,90.23999786376952,90.23999786376952,1951200,93.98999786376952,
2021-04-05,91.79094696044922,96.16000366210938,97.73999786376952,94.5,96.62999725341795,1845400,96.16000366210938,
2021-04-06,91.50457763671876,95.86000061035156,96.9499969482422,94.66999816894533,95.79000091552734,985200,95.86000061035156,
2021-04-07,92.4305191040039,96.83000183105467,97.4800033569336,94.97000122070312,96.08000183105467,1117900,96.83000183105467,
2021-04-08,92.58323669433594,96.98999786376952,97.29000091552734,94.12000274658205,96.25,1686200,96.98999786376952,
2021-04-09,94.68328094482422,99.19000244140624,99.30999755859376,97.3000030517578,98.5,1622800,99.19000244140624,
2021-04-12,96.09603118896484,100.66999816894533,100.83999633789062,99.33999633789062,99.87000274658205,1461600,100.66999816894533,
2021-04-13,93.70964050292967,98.16999816894533,100.0,96.44000244140624,100.0,1630800,,
2021-04-14,95.45648193359376,100.0,101.87000274658205,96.87000274658205,97.70999908447266,1746000,,
2021-04-15,95.1796417236328,99.70999908447266,101.16000366210938,96.94000244140624,101.01000213623048,2042100,99.70999908447266,
2021-04-16,97.03150939941406,101.6500015258789,102.5,100.4800033569336,101.45999908447266,1805100,101.6500015258789,
2021-04-19,96.27740478515624,100.86000061035156,102.5,99.95999908447266,101.5,1035400,100.86000061035156,
2021-04-20,91.332763671875,95.68000030517578,99.41999816894533,94.36000061035156,99.25,1791300,,95.68000030517578
2021-04-21,94.96011352539062,99.4800033569336,99.7300033569336,93.73999786376952,94.73999786376952,1278900,,
2021-04-22,92.14413452148438,96.52999877929688,99.51000213623048,95.68000030517578,99.5,1564000,96.52999877929688,
2021-04-23,97.28923797607422,101.91999816894533,103.05999755859376,96.08000183105467,96.41999816894533,2672200,101.91999816894533,
2021-04-26,98.19609832763672,102.87000274658205,105.58000183105467,102.45999908447266,102.9000015258789,1182500,102.87000274658205,
2021-04-27,100.8593292236328,105.66000366210938,105.69000244140624,102.69000244140624,103.31999969482422,978900,105.66000366210938,
2021-04-28,101.15524291992188,105.97000122070312,107.1500015258789,105.16999816894533,106.37000274658205,993100,105.97000122070312,
2021-04-29,106.09988403320312,111.1500015258789,111.33999633789062,108.08000183105467,108.5199966430664,2300000,111.1500015258789,
2021-04-30,103.2552719116211,108.16999816894533,110.58000183105467,107.79000091552734,109.29000091552734,1607500,108.16999816894533,
2021-05-03,104.83985900878906,109.83000183105467,111.58000183105467,108.5,110.54000091552734,1556200,,
2021-05-04,107.03534698486328,112.12999725341795,112.19000244140624,106.23999786376952,108.6999969482422,2125500,112.12999725341795,
2021-05-05,109.93721771240234,115.16999816894533,116.0999984741211,110.97000122070312,113.37000274658205,1671200,115.16999816894533,
2021-05-06,114.26140594482422,119.6999969482422,119.6999969482422,114.16000366210938,116.0,2090300,119.6999969482422,
2021-05-07,115.9127960205078,121.43000030517578,121.51000213623048,115.1999969482422,116.5500030517578,2088000,121.43000030517578,
2021-05-10,115.1491470336914,120.62999725341795,125.73999786376952,120.45999908447266,122.93000030517578,2025200,120.62999725341795,
2021-05-11,109.6126708984375,114.83000183105467,120.25,113.0199966430664,116.5999984741211,2507300,,114.83000183105467
2021-05-12,105.00212860107422,110.0,118.41000366210938,109.0500030517578,117.38999938964844,2412400,,110.0
2021-05-13,110.8727035522461,116.1500015258789,117.8499984741211,109.31999969482422,109.33000183105467,2573900,116.1500015258789,
2021-05-14,116.11327362060548,121.63999938964844,122.22000122070312,117.5,118.05999755859376,1754900,121.63999938964844,
2021-05-17,116.53327941894533,122.08000183105467,122.18000030517578,118.56999969482422,120.31999969482422,1459400,122.08000183105467,
2021-05-18,112.03726196289062,117.37000274658205,122.7300033569336,116.9000015258789,121.94000244140624,1184500,,
2021-05-19,109.66039276123048,114.87999725341795,115.0,109.31999969482422,112.62999725341795,2443800,,114.87999725341795
2021-05-20,110.22360229492188,115.47000122070312,117.27999877929688,112.77999877929688,114.95999908447266,1363100,,
2021-05-21,112.8295440673828,118.1999969482422,119.98999786376952,116.5,116.5199966430664,1658400,118.1999969482422,
2021-05-24,114.06094360351562,119.48999786376952,120.41999816894533,117.9800033569336,119.41999816894533,1220900,119.48999786376952,
2021-05-25,110.7295150756836,116.0,122.6999969482422,115.4000015258789,120.1500015258789,1494900,,
2021-05-26,111.87499237060548,117.1999969482422,118.37000274658205,114.48999786376952,117.41000366210938,999400,,
2021-05-27,115.81735229492188,121.33000183105467,121.80999755859376,118.16999816894533,119.7699966430664,1176000,121.33000183105467,
2021-05-28,116.21825408935548,121.75,122.41999816894533,118.98999786376952,122.37000274658205,1454000,121.75,
2021-06-01,117.89830017089844,123.51000213623048,125.88999938964844,122.4800033569336,124.8000030517578,1487000,123.51000213623048,
2021-06-02,118.2610321044922,123.88999938964844,124.77999877929688,121.9499969482422,124.4499969482422,1138100,123.88999938964844,
2021-06-03,119.04376983642578,124.70999908447266,126.6500015258789,121.45999908447266,122.51000213623048,1660300,124.70999908447266,
2021-06-04,119.59741973876952,125.29000091552734,125.80999755859376,122.11000061035156,125.1999969482422,1682300,125.29000091552734,
2021-06-07,117.3637466430664,122.9499969482422,126.12999725341795,122.29000091552734,126.01000213623048,1275200,,122.9499969482422
2021-06-08,116.91510009765624,122.4800033569336,123.3000030517578,118.41000366210938,121.43000030517578,1906800,,
2021-06-09,113.75547790527344,119.16999816894533,121.12999725341795,118.22000122070312,121.12999725341795,1432400,,119.16999816894533
2021-06-10,110.01358795166016,115.25,122.62999725341795,114.80999755859376,121.9000015258789,1981000,,115.25
2021-06-11,111.67452239990234,116.98999786376952,117.25,115.4800033569336,116.0199966430664,1605100,,
2021-06-14,108.26673889160156,113.41999816894533,116.98999786376952,111.43000030517578,116.56999969482422,2083400,,113.41999816894533
2021-06-15,108.9731216430664,114.16000366210938,115.6999969482422,111.5999984741211,113.61000061035156,1653900,,
2021-06-16,108.99220275878906,114.18000030517578,116.02999877929688,109.77999877929688,113.0,2481700,114.18000030517578,
2021-06-17,99.57066345214844,104.30999755859376,115.68000030517578,102.94000244140624,115.55999755859376,4048500,,104.30999755859376
2021-06-18,92.20140838623048,96.58999633789062,101.01000213623048,96.01000213623048,100.66000366210938,3928700,,96.58999633789062
2021-06-21,98.63520050048828,103.33000183105467,103.33000183105467,98.55999755859376,98.80999755859376,2472400,,
2021-06-22,98.9133529663086,103.4800033569336,104.47000122070312,100.5,104.0199966430664,1862100,103.4800033569336,
2021-06-23,99.57289123535156,104.16999816894533,105.3000030517578,103.16999816894533,103.94000244140624,1046100,104.16999816894533,
2021-06-24,102.8897476196289,107.63999938964844,108.33999633789062,104.08999633789062,105.48999786376952,1925000,107.63999938964844,
2021-06-25,106.93309020996094,111.87000274658205,112.4000015258789,107.38999938964844,110.0,2793400,111.87000274658205,
2021-06-28,104.35224151611328,109.16999816894533,111.26000213623048,107.45999908447266,111.2300033569336,2241500,109.16999816894533,
2021-06-29,103.57798767089844,108.36000061035156,112.30999755859376,107.2699966430664,110.68000030517578,1932000,,
2021-06-30,104.47650909423828,109.3000030517578,109.95999908447266,107.16999816894533,107.3000030517578,1330500,109.3000030517578,
2021-07-01,107.01911926269533,111.95999908447266,112.0500030517578,109.2300033569336,110.55999755859376,1550700,111.95999908447266,
2021-07-02,106.4646987915039,111.37999725341795,112.1999969482422,110.06999969482422,112.0500030517578,1249800,111.37999725341795,
2021-07-06,101.41771697998048,106.0999984741211,110.48999786376952,104.01000213623048,110.48999786376952,2415700,,106.0999984741211
2021-07-07,101.9912338256836,106.6999969482422,107.12999725341795,103.4000015258789,104.3000030517578,1914100,,
2021-07-08,95.76852416992188,100.19000244140624,103.2699966430664,98.6500015258789,100.9000015258789,2786100,,100.19000244140624
2021-07-09,103.7118148803711,108.5,108.83999633789062,103.63999938964844,104.0,2681700,108.5,
2021-07-12,106.75146484375,111.68000030517578,112.0,105.4000015258789,106.9000015258789,2480000,111.68000030517578,
2021-07-13,103.08092498779295,107.83999633789062,110.8000030517578,106.58000183105467,110.58000183105467,2172100,,
2021-07-14,101.51331329345705,106.1999969482422,109.88999938964844,102.83999633789062,107.62000274658205,2076400,,106.1999969482422
2021-07-15,102.61255645751952,107.3499984741211,109.3499984741211,103.3499984741211,103.56999969482422,1667100,,
2021-07-16,98.64569854736328,103.1999969482422,108.91000366210938,102.37000274658205,108.66999816894533,1451500,,
2021-07-19,90.58771514892578,94.7699966430664,98.5,92.91000366210938,97.11000061035156,3210600,,94.7699966430664
2021-07-20,97.13543701171876,101.62000274658205,103.66000366210938,94.08000183105467,94.8499984741211,2589700,,
2021-07-21,101.95301055908205,106.66000366210938,108.12999725341795,103.87000274658205,104.0,2101500,106.66000366210938,
2021-07-22,99.04715728759766,103.62000274658205,106.33999633789062,102.3499984741211,106.1999969482422,1150400,103.62000274658205,
2021-07-23,99.63980865478516,104.23999786376952,107.08000183105467,103.25,105.45999908447266,1768600,,
2021-07-26,101.18830871582033,105.86000061035156,106.5500030517578,103.5,103.5,1021200,105.86000061035156,
2021-07-27,101.17874145507812,105.8499984741211,106.98999786376952,102.1999969482422,103.58000183105467,1171300,105.8499984741211,
2021-07-28,101.10226440429688,105.7699966430664,107.5500030517578,103.1999969482422,106.8000030517578,1365200,,
2021-07-29,104.1897430419922,109.0,110.52999877929688,106.2699966430664,107.70999908447266,2294800,109.0,
2021-07-30,102.25889587402344,106.9800033569336,110.73999786376952,105.95999908447266,108.13999938964844,1706500,106.9800033569336,
2021-08-02,101.93389129638672,106.63999938964844,112.41999816894533,106.52999877929688,108.29000091552734,2278900,,
2021-08-03,105.30809020996094,110.16999816894533,110.73999786376952,103.5199966430664,108.18000030517578,1750000,110.16999816894533,
2021-08-04,103.36770629882812,108.13999938964844,111.06999969482422,106.87999725341795,107.62999725341795,1384000,108.13999938964844,
2021-08-05,107.05735778808594,112.0,112.0,109.66000366210938,109.97000122070312,1536700,112.0,
2021-08-06,113.26092529296876,118.48999786376952,119.04000091552734,114.5199966430664,115.0,3396800,118.48999786376952,
2021-08-09,114.11165618896484,119.37999725341795,120.97000122070312,116.26000213623048,118.12999725341795,2049400,119.37999725341795,
2021-08-10,117.42852783203124,122.8499984741211,123.88999938964844,118.72000122070312,119.43000030517578,1885300,122.8499984741211,
2021-08-11,121.21376037597656,126.80999755859376,126.80999755859376,122.1999969482422,123.77999877929688,2815400,126.80999755859376,
2021-08-12,121.63435363769533,127.25,127.9000015258789,124.91999816894533,127.19000244140624,1721600,127.25,
2021-08-13,119.48365020751952,125.0,128.1300048828125,124.11000061035156,127.41000366210938,1493800,,
2021-08-16,118.75719451904295,124.23999786376952,124.25,119.3499984741211,122.30999755859376,1377900,,
2021-08-17,115.73664855957033,121.08000183105467,123.94000244140624,117.69000244140624,121.6500015258789,1682500,,121.08000183105467
2021-08-18,111.94184112548828,117.11000061035156,122.41000366210938,116.6500015258789,119.68000030517578,1512400,,117.11000061035156
2021-08-19,109.1315689086914,114.16999816894533,117.0,112.04000091552734,113.30999755859376,2303800,,
2021-08-20,111.69332122802734,116.8499984741211,117.36000061035156,113.25,114.33999633789062,1671500,,
2021-08-23,114.48443603515624,119.7699966430664,121.2300033569336,118.73999786376952,118.8000030517578,1523300,119.7699966430664,
2021-08-24,116.9028091430664,122.3000030517578,122.73999786376952,120.18000030517578,120.33999633789062,954100,122.3000030517578,
2021-08-25,120.63068389892578,126.1999969482422,128.24000549316406,122.23999786376952,123.0,1952000,126.1999969482422,
2021-08-26,118.87188720703124,124.36000061035156,128.00999450683594,123.83000183105467,127.5999984741211,1803800,124.36000061035156,
2021-08-27,123.40271759033205,129.10000610351562,129.14999389648438,124.44000244140624,124.7699966430664,1838200,129.10000610351562,
2021-08-30,119.02483367919922,124.5199966430664,129.52999877929688,124.1999969482422,129.2899932861328,1691000,124.5199966430664,124.5199966430664
2021-08-31,118.76675415039062,124.25,126.5999984741211,122.6999969482422,124.33999633789062,1374800,,124.25
2021-09-01,116.9028091430664,122.3000030517578,124.72000122070312,120.7699966430664,124.62000274658205,1557200,,
2021-09-02,118.17410278320312,123.62999725341795,124.87000274658205,122.4000015258789,123.36000061035156,997900,,
2021-09-03,116.75942993164062,122.1500015258789,123.98999786376952,121.0999984741211,123.41000366210938,1262000,,122.1500015258789
2021-09-07,114.1785659790039,119.4499969482422,122.91999816894533,119.29000091552734,122.30999755859376,1475900,,119.4499969482422
2021-09-08,113.31828308105467,118.5500030517578,120.25,116.81999969482422,118.48999786376952,1040100,,
2021-09-09,114.1785659790039,119.4499969482422,122.88999938964844,117.87000274658205,118.1999969482422,1429100,,
2021-09-10,111.63597869873048,116.79000091552734,121.91999816894533,116.6500015258789,121.7300033569336,1808000,,116.79000091552734
2021-09-13,115.1631088256836,120.4800033569336,121.0,118.04000091552734,119.2300033569336,1496600,120.4800033569336,
2021-09-14,110.66096496582033,115.7699966430664,122.6999969482422,114.70999908447266,121.41000366210938,2620300,,115.7699966430664
2021-09-15,113.777099609375,119.02999877929688,120.0,115.37999725341795,115.72000122070312,991500,,
2021-09-16,113.1366729736328,118.36000061035156,121.88999938964844,116.41999816894533,120.37000274658205,1308800,118.36000061035156,
2021-09-17,111.42564392089844,116.56999969482422,119.8499984741211,115.63999938964844,118.05999755859376,1265800,,
2021-09-20,103.62579345703124,108.41000366210938,109.5,103.16999816894533,109.0,3845000,,108.41000366210938
2021-09-21,103.06388092041016,107.66999816894533,110.97000122070312,106.56999969482422,109.75,1261500,,107.66999816894533
2021-09-22,107.45753479003906,112.26000213623048,114.5,110.52999877929688,110.58000183105467,1634400,112.26000213623048,
2021-09-23,115.17272186279295,120.31999969482422,121.72000122070312,114.94000244140624,115.22000122070312,2580600,120.31999969482422,
2021-09-24,116.58942413330078,121.8000030517578,122.79000091552734,119.19000244140624,119.48999786376952,1834900,121.8000030517578,
2021-09-27,121.0309066772461,126.44000244140624,127.23999786376952,123.93000030517578,124.2699966430664,2148700,126.44000244140624,
2021-09-28,115.2588882446289,120.41000366210938,127.62999725341795,119.70999908447266,126.30999755859376,2191000,,
2021-09-29,115.91936492919922,121.0999984741211,122.4000015258789,119.01000213623048,121.33000183105467,1062700,,
2021-09-30,110.65464782714844,115.5999984741211,122.91999816894533,115.5,122.69000244140624,1854300,,115.5999984741211
2021-10-01,115.48860168457033,120.6500015258789,122.95999908447266,114.79000091552734,116.33999633789062,2164600,,
2021-10-04,112.77967834472656,117.81999969482422,124.58000183105467,116.8499984741211,119.87000274658205,2117400,117.81999969482422,
2021-10-05,118.88673400878906,124.1999969482422,125.83000183105467,118.5999984741211,120.12000274658205,2013000,124.1999969482422,
2021-10-06,119.6238021850586,124.97000122070312,125.02999877929688,118.31999969482422,121.0,2320800,124.97000122070312,
2021-10-07,122.06470489501952,127.5199966430664,131.0,127.01000213623048,128.58999633789062,2754100,127.5199966430664,
2021-10-08,124.18016815185548,129.72999572753906,130.64999389648438,126.20999908447266,127.48999786376952,1978500,129.72999572753906,
2021-10-11,120.69588470458984,126.08999633789062,133.2899932861328,125.72000122070312,130.57000732421875,2013100,,
2021-10-12,119.84395599365234,125.1999969482422,127.30999755859376,124.08999633789062,126.1500015258789,1699000,,
2021-10-13,118.47513580322266,123.7699966430664,126.0,118.37000274658205,125.55999755859376,2089700,,123.7699966430664
2021-10-14,124.40035247802734,129.9600067138672,130.0,124.6999969482422,127.8000030517578,1979000,129.9600067138672,
2021-10-15,129.435302734375,135.22000122070312,137.22999572753906,132.3800048828125,133.39999389648438,2952100,135.22000122070312,
2021-10-18,129.6171875,135.41000366210938,137.4499969482422,133.42999267578125,134.5800018310547,1236100,135.41000366210938,
2021-10-19,133.44606018066406,139.41000366210938,139.41000366210938,135.91000366210938,137.30999755859375,939300,139.41000366210938,
2021-10-20,136.8729248046875,142.99000549316406,142.99000549316406,137.86000061035156,139.10000610351562,1354100,142.99000549316406,
2021-10-21,136.55702209472656,142.66000366210938,144.3300018310547,140.0399932861328,142.75,985500,142.66000366210938,
2021-10-22,140.98892211914062,147.2899932861328,148.14999389648438,143.0800018310547,143.3699951171875,1573600,147.2899932861328,
2021-10-25,141.18997192382812,147.5,149.24000549316406,146.3000030517578,148.47000122070312,1136200,147.5,
2021-10-26,141.8983154296875,148.24000549316406,151.0,147.27000427246094,148.72000122070312,871900,148.24000549316406,
2021-10-27,134.56602478027344,140.5800018310547,148.77000427246094,140.35000610351562,147.0,1713100,,140.5800018310547
2021-10-28,140.22317504882812,146.49000549316406,146.49000549316406,141.89999389648438,142.11000061035156,884800,,
2021-10-29,138.5193328857422,144.7100067138672,147.17999267578125,143.52000427246094,146.0,876700,144.7100067138672,
2021-11-01,138.6724853515625,144.8699951171875,148.3000030517578,143.3800048828125,147.3000030517578,987200,,
2021-11-02,140.51991271972656,146.8000030517578,147.8000030517578,144.13999938964844,145.2899932861328,802500,146.8000030517578,
2021-11-03,142.6353759765625,149.00999450683594,150.41000366210938,145.05999755859375,145.32000732421875,1130200,149.00999450683594,
2021-11-04,137.06431579589844,143.19000244140625,149.05999755859375,140.00999450683594,148.77999877929688,1938900,,143.19000244140625
2021-11-05,137.20791625976562,143.33999633789062,148.00999450683594,141.75,145.25,1344900,,
2021-11-08,138.92137145996094,145.1300048828125,148.10000610351562,144.2100067138672,145.4199981689453,929800,145.1300048828125,
2021-11-09,136.88247680664062,143.0,144.11000061035156,140.27000427246094,142.8800048828125,1149000,,143.0
2021-11-10,135.51365661621094,141.57000732421875,144.0,140.02000427246094,142.13999938964844,1031900,,
2021-11-11,136.64315795898438,142.75,143.8699951171875,140.30999755859375,142.0,735500,,
2021-11-12,137.50466918945312,143.64999389648438,143.69000244140625,140.0500030517578,143.33999633789062,705600,143.64999389648438,
2021-11-15,137.41851806640625,143.55999755859375,145.67999267578125,142.64999389648438,144.5,705700,143.55999755859375,
2021-11-16,137.13134765625,143.25999450683594,145.7100067138672,141.92999267578125,143.92999267578125,763900,,
2021-11-17,132.85256958007812,138.7899932861328,142.75,137.4499969482422,142.52000427246094,1622500,,138.7899932861328
2021-11-18,131.13917541503906,137.0,139.83999633789062,135.02000427246094,139.4199981689453,851700,,
2021-11-19,127.12837982177734,132.80999755859375,135.14999389648438,129.91000366210938,134.14999389648438,1981600,,132.80999755859375
2021-11-22,132.26864624023438,138.17999267578125,142.0500030517578,135.02000427246094,137.88999938964844,2206900,138.17999267578125,
2021-11-23,137.96412658691406,144.1300048828125,144.4199981689453,138.89999389648438,140.44000244140625,1534800,144.1300048828125,
2021-11-24,137.29409790039062,143.42999267578125,144.49000549316406,141.5800018310547,142.75999450683594,850100,143.42999267578125,
2021-11-26,124.53434753417967,130.10000610351562,132.0800018310547,125.5,131.0,3668700,,130.10000610351562
2021-11-29,125.8361587524414,131.4600067138672,135.35000610351562,128.27999877929688,134.52000427246094,1851300,,
2021-11-30,116.47454071044922,121.68000030517578,128.1300048828125,121.22000122070312,126.62000274658205,3264800,,121.68000030517578
2021-12-01,112.63609313964844,117.66999816894533,130.42999267578125,117.51000213623048,127.2300033569336,2516300,,117.66999816894533
2021-12-02,122.12214660644533,127.58000183105467,129.5800018310547,119.23999786376952,120.5999984741211,2112900,127.58000183105467,
2021-12-03,116.3501205444336,121.5500030517578,129.19000244140625,118.23999786376952,128.80999755859375,2855500,121.5500030517578,121.5500030517578
2021-12-06,120.78204345703124,126.18000030517578,129.66000366210938,123.33000183105467,125.47000122070312,1905600,,
2021-12-07,127.02308654785156,132.6999969482422,134.1300048828125,129.0,129.8800048828125,1411800,132.6999969482422,
2021-12-08,125.4628448486328,131.07000732421875,134.14999389648438,129.4499969482422,133.5,1158000,131.07000732421875,
2021-12-09,123.81643676757812,129.35000610351562,131.52999877929688,127.33999633789062,128.75999450683594,846000,,
2021-12-10,124.2375946044922,129.7899932861328,132.0,127.12999725341795,131.66000366210938,834600,,
2021-12-13,119.83438110351562,125.19000244140624,129.0,124.3000030517578,128.52999877929688,750600,,125.19000244140624
2021-12-14,122.16043090820312,127.62000274658205,130.0500030517578,124.12999725341795,124.41999816894533,1060300,,
2021-12-15,123.19422149658205,128.6999969482422,129.58999633789062,123.8000030517578,128.17999267578125,1380900,128.6999969482422,
2021-12-16,126.73594665527344,132.39999389648438,135.7899932861328,130.8000030517578,132.9600067138672,1914200,132.39999389648438,
2021-12-17,118.9920425415039,124.30999755859376,130.2899932861328,121.8000030517578,130.2899932861328,2153200,,124.30999755859376
2021-12-20,112.00434112548828,117.01000213623048,118.93000030517578,112.58000183105467,118.52999877929688,3044800,,117.01000213623048
2021-12-21,118.99234771728516,123.93000030517578,125.3499984741211,119.98999786376952,120.0199966430664,1664700,,
2021-12-22,121.35433197021484,126.38999938964844,126.38999938964844,122.68000030517578,123.63999938964844,1259300,126.38999938964844,
2021-12-23,123.65870666503906,128.7899932861328,131.44000244140625,128.1699981689453,128.4600067138672,1591900,128.7899932861328,
2021-12-27,127.24009704589844,132.52000427246094,132.77000427246094,128.1699981689453,129.82000732421875,779300,132.52000427246094,
2021-12-28,127.23050689697266,132.50999450683594,135.57000732421875,132.05999755859375,132.47999572753906,945400,132.50999450683594,
2021-12-29,127.01924896240234,132.2899932861328,134.5399932861328,131.74000549316406,133.60000610351562,796200,,
2021-12-30,126.0495147705078,131.27999877929688,135.42999267578125,130.9499969482422,133.13999938964844,1352900,,
2021-12-31,125.52143096923828,130.72999572753906,132.57000732421875,129.9199981689453,130.72000122070312,859300,,
2022-01-03,129.1796417236328,134.5399932861328,136.61000061035156,133.16000366210938,133.60000610351562,2892900,134.5399932861328,
2022-01-04,138.31072998046875,144.0500030517578,145.82000732421875,138.63999938964844,138.82000732421875,3550100,144.0500030517578,
2022-01-05,133.22189331054688,138.75,147.4600067138672,138.5,146.0,2322800,138.75,
2022-01-06,139.51092529296875,145.3000030517578,145.35000610351562,139.47999572753906,143.60000610351562,1710900,145.3000030517578,
2022-01-07,143.6972198486328,149.66000366210938,150.47999572753906,144.44000244140625,145.60000610351562,2086300,149.66000366210938,
2022-01-10,142.6122283935547,148.52999877929688,152.33999633789062,143.10000610351562,151.89999389648438,2285700,148.52999877929688,
2022-01-11,146.2416229248047,152.30999755859375,152.61000061035156,145.7899932861328,149.5500030517578,1605500,152.30999755859375,
2022-01-12,146.6833038330078,152.77000427246094,155.4199981689453,150.42999267578125,153.55999755859375,1448000,152.77000427246094,
2022-01-13,144.41734313964844,150.41000366210938,155.82000732421875,149.1699981689453,153.67999267578125,1495800,,
2022-01-14,140.92236328125,146.77000427246094,146.91000366210938,141.0500030517578,143.89999389648438,2432700,,146.77000427246094
2022-01-18,131.6376190185547,137.10000610351562,143.42999267578125,134.8000030517578,143.13999938964844,2273800,,137.10000610351562
2022-01-19,125.01252746582033,130.1999969482422,140.57000732421875,129.88999938964844,140.39999389648438,1672300,,130.1999969482422
2022-01-20,122.41051483154295,127.48999786376952,136.4199981689453,126.8000030517578,131.3800048828125,1576500,,127.48999786376952
2022-01-21,114.76766967773438,119.52999877929688,127.04000091552734,118.08000183105467,125.4499969482422,2654600,,119.52999877929688
2022-01-24,115.8814468383789,120.69000244140624,121.23999786376952,106.25,113.1500015258789,3906500,,
2022-01-25,116.05427551269533,120.87000274658205,123.72000122070312,110.04000091552734,115.93000030517578,2218100,120.87000274658205,
2022-01-26,117.02401733398438,121.87999725341795,127.98999786376952,117.4499969482422,125.0500030517578,2691000,121.87999725341795,
2022-01-27,114.3451919555664,119.08999633789062,129.6699981689453,116.77999877929688,125.75,1798300,,119.08999633789062
2022-01-28,119.1171646118164,124.05999755859376,124.06999969482422,113.58999633789062,118.31999969482422,1793800,124.05999755859376,
2022-01-31,122.82337951660156,127.91999816894533,128.1999969482422,119.8000030517578,121.5199966430664,1298000,127.91999816894533,
2022-02-01,128.0562286376953,133.3699951171875,133.89999389648438,126.73999786376952,128.7899932861328,1297400,133.3699951171875,
2022-02-02,130.5718536376953,135.99000549316406,136.47999572753906,130.77999877929688,133.07000732421875,1108700,135.99000549316406,
2022-02-03,125.78067779541016,131.0,136.6699981689453,130.24000549316406,135.19000244140625,1002600,,
2022-02-04,131.83926391601562,137.30999755859375,140.52999877929688,131.39999389648438,131.82000732421875,1798600,137.30999755859375,
2022-02-07,132.6649932861328,138.1699981689453,140.82000732421875,135.67999267578125,137.99000549316406,1184700,138.1699981689453,
2022-02-08,137.6098175048828,143.32000732421875,144.13999938964844,139.63999938964844,140.86000061035156,1415200,143.32000732421875,
2022-02-09,140.0966033935547,145.91000366210938,148.67999267578125,144.63999938964844,145.52999877929688,1389500,145.91000366210938,
2022-02-10,136.94732666015625,142.6300048828125,149.83999633789062,140.30999755859375,143.7100067138672,1446700,,
2022-02-11,129.85174560546875,135.24000549316406,145.25,132.89999389648438,140.8699951171875,2068200,,135.24000549316406
2022-02-14,125.63666534423828,130.85000610351562,136.5,127.2699966430664,135.27000427246094,1878000,,130.85000610351562
2022-02-15,130.71588134765625,136.13999938964844,137.9499969482422,134.14999389648438,135.77000427246094,1362100,136.13999938964844,
2022-02-16,131.5704345703125,137.02999877929688,138.24000549316406,133.5500030517578,134.22999572753906,962200,137.02999877929688,
2022-02-17,121.41193389892578,126.4499969482422,134.0,125.31999969482422,133.05999755859375,1653100,,126.4499969482422
2022-02-18,121.03749084472656,126.05999755859376,129.3800048828125,124.4000015258789,126.12999725341795,1908300,,
2022-02-22,118.7331085205078,123.66000366210938,127.76000213623048,120.83999633789062,124.0500030517578,1869200,,123.66000366210938
2022-02-23,113.1065902709961,117.8000030517578,128.1300048828125,116.6999969482422,127.0999984741211,1973700,,117.8000030517578
2022-02-24,109.70763397216795,114.26000213623048,114.93000030517578,104.08000183105467,106.11000061035156,3578600,,114.26000213623048
2022-02-25,119.79888153076172,124.7699966430664,125.87000274658205,116.0,116.0,2363200,124.7699966430664,
2022-02-28,115.8814468383789,120.69000244140624,122.7699966430664,116.4499969482422,117.55999755859376,1611400,120.69000244140624,
2022-03-01,103.46660614013672,107.76000213623048,117.9000015258789,105.27999877929688,116.63999938964844,3740600,,107.76000213623048
2022-03-02,111.68556213378906,116.31999969482422,118.41000366210938,109.6999969482422,110.22000122070312,2735900,,
2022-03-03,110.46614837646484,115.0500030517578,119.5199966430664,112.11000061035156,118.0,1307400,115.0500030517578,
2022-03-04,103.92747497558594,108.23999786376952,109.29000091552734,104.5199966430664,109.29000091552734,2807300,,
2022-03-07,91.99271392822266,95.80999755859376,105.81999969482422,95.68000030517578,105.0,2975600,,95.80999755859376
2022-03-08,90.7541046142578,94.5199966430664,102.1999969482422,93.0,98.0199966430664,3098400,,94.5199966430664
2022-03-09,100.3844985961914,104.5500030517578,107.13999938964844,101.4800033569336,103.0,2402800,104.5500030517578,
2022-03-10,98.1569366455078,102.2300033569336,103.9499969482422,98.69000244140624,100.0,1710700,102.2300033569336,
2022-03-11,96.26541137695312,100.26000213623048,106.68000030517578,99.9499969482422,104.87000274658205,1532500,,
2022-03-14,98.6177978515625,102.70999908447266,107.75,101.33000183105467,103.94000244140624,1758100,102.70999908447266,
2022-03-15,102.55445098876952,106.80999755859376,107.4499969482422,103.1500015258789,105.0,1543500,106.80999755859376,
2022-03-16,111.71437072753906,116.3499984741211,116.80999755859376,110.01000213623048,111.0,2747500,116.3499984741211,
2022-03-17,115.33415222167967,120.12000274658205,120.22000122070312,112.18000030517578,113.1500015258789,1975300,120.12000274658205,
2022-03-18,116.8031997680664,121.6500015258789,122.5,116.98999786376952,119.55999755859376,1425800,121.6500015258789,
2022-03-21,116.58235168457033,121.41999816894533,124.77999877929688,119.33999633789062,123.45999908447266,1256500,121.41999816894533,
2022-03-22,122.22810363769533,127.3000030517578,129.1699981689453,124.8000030517578,125.0,1374800,127.3000030517578,
2022-03-23,115.55498504638672,120.3499984741211,125.66000366210938,120.1500015258789,124.9499969482422,1173400,,120.3499984741211
2022-03-24,117.84017181396484,122.7300033569336,123.38999938964844,120.18000030517578,122.63999938964844,832600,,
2022-03-25,122.16088104248048,127.2300033569336,127.9800033569336,123.5999984741211,123.73999786376952,1623500,127.2300033569336,
2022-03-28,121.24871826171876,126.27999877929688,126.52999877929688,122.11000061035156,126.52999877929688,1132300,126.27999877929688,
2022-03-29,123.3802719116211,128.5,132.47000122070312,126.33999633789062,131.4199981689453,1376400,128.5,
2022-03-30,120.03892517089844,125.0199966430664,128.72000122070312,123.0,128.3699951171875,870100,,125.0199966430664
2022-03-31,112.88573455810548,117.56999969482422,126.38999938964844,116.91999816894533,124.86000061035156,1126800,,117.56999969482422
2022-04-01,111.92559814453124,116.56999969482422,119.81999969482422,113.97000122070312,119.38999938964844,1762700,,
2022-04-04,110.62938690185548,115.22000122070312,117.73999786376952,112.95999908447266,116.02999877929688,1080800,,115.22000122070312
2022-04-05,107.9217300415039,112.4000015258789,116.87000274658205,111.5,113.62000274658205,1612700,,
2022-04-06,105.13728332519533,109.5,111.1999969482422,108.26000213623048,110.0,1682600,,
2022-04-07,104.55158996582033,108.88999938964844,110.37000274658205,104.27999877929688,109.44000244140624,1766200,,
2022-04-08,106.98078918457033,111.41999816894533,113.20999908447266,109.0,109.7699966430664,1494500,111.41999816894533,
2022-04-11,105.58856201171876,109.97000122070312,114.05999755859376,109.5,110.72000122070312,1621900,109.97000122070312,
2022-04-12,102.23761749267578,106.4800033569336,113.12999725341795,105.06999969482422,110.2699966430664,1487400,,106.4800033569336
2022-04-13,102.8905029296875,107.16000366210938,107.5,103.36000061035156,103.9800033569336,1150000,,
2022-04-14,99.4627456665039,103.58999633789062,108.91000366210938,103.44000244140624,106.97000122070312,1079400,,
2022-04-18,100.35569763183594,104.5199966430664,105.9800033569336,101.38999938964844,101.41999816894533,1124300,,
2022-04-19,104.94525146484376,109.3000030517578,109.8000030517578,105.51000213623048,105.58999633789062,1100200,109.3000030517578,
2022-04-20,107.37444305419922,111.83000183105467,114.0500030517578,110.9000015258789,111.4800033569336,1220600,111.83000183105467,
2022-04-21,101.71910858154295,105.94000244140624,115.9499969482422,105.2300033569336,114.70999908447266,1147500,,
2022-04-22,92.72242736816406,96.56999969482422,105.4000015258789,96.20999908447266,105.4000015258789,1761800,,96.56999969482422
2022-04-25,93.2025146484375,97.06999969482422,97.55999755859376,89.69999694824219,94.30999755859376,2130300,,
2022-04-26,85.66529083251953,89.22000122070312,96.5,89.22000122070312,93.83999633789062,2123500,,89.22000122070312
2022-04-27,85.85730743408203,89.41999816894531,92.1999969482422,88.44999694824219,89.37999725341797,1280200,,
2022-04-28,89.19866180419922,92.9000015258789,93.76000213623048,87.80999755859375,92.20999908447266,1853300,92.9000015258789,
2022-04-29,79.89473724365234,83.20999908447266,92.63999938964844,82.5999984741211,91.51000213623048,1666200,,83.20999908447266
2022-05-02,80.67245483398438,84.0199966430664,85.6500015258789,78.87999725341797,84.29000091552734,2174800,,
2022-05-03,84.01380157470703,87.5,89.7699966430664,84.91999816894531,85.41999816894531,2027100,87.5,
2022-05-04,91.51262664794922,95.30999755859376,95.72000122070312,86.54000091552734,87.86000061035156,2498000,95.30999755859376,
2022-05-05,83.57213592529297,87.04000091552734,92.5199966430664,83.4800033569336,91.95999908447266,1947500,,
2022-05-06,81.58460998535156,84.97000122070312,86.01000213623047,81.19999694824219,85.69999694824219,2380300,,
2022-05-09,75.23797607421875,78.36000061035156,82.98999786376953,77.19000244140625,81.26000213623047,2550900,,78.36000061035156
2022-05-10,73.62489318847656,76.68000030517578,81.98999786376953,73.44999694824219,80.70999908447266,2210800,,76.68000030517578
2022-05-11,71.12849426269531,74.08000183105469,81.33000183105469,73.93000030517578,76.7300033569336,2034900,,74.08000183105469
2022-05-12,70.39875793457031,73.31999969482422,75.08999633789062,69.0,72.80000305175781,1898900,,
2022-05-13,73.8841323852539,76.94999694824219,78.79000091552734,74.94999694824219,76.05000305175781,1544200,76.94999694824219,
2022-05-16,72.1558609008789,75.1500015258789,77.0999984741211,73.26000213623047,76.16000366210938,1284800,75.1500015258789,
2022-05-17,78.0416259765625,81.27999877929688,81.77999877929688,78.19999694824219,79.37999725341797,1952400,81.27999877929688,
2022-05-18,71.53175354003906,74.5,79.26000213623047,73.58999633789062,78.9000015258789,1511000,,74.5
2022-05-19,70.23554229736328,73.1500015258789,74.80999755859375,71.19000244140625,71.79000091552734,1724300,,73.1500015258789
2022-05-20,70.16832733154297,73.08000183105469,76.01000213623047,68.30999755859375,74.94000244140625,1806900,,
2022-05-23,76.32293701171875,79.48999786376953,81.01000213623047,75.54000091552734,76.62999725341797,2423000,79.48999786376953,
2022-05-24,75.56442260742188,78.69999694824219,79.4800033569336,73.80999755859375,78.0999984741211,1792900,78.69999694824219,
2022-05-25,77.63835906982422,80.86000061035156,82.2699966430664,77.5,77.9800033569336,1685800,80.86000061035156,
2022-05-26,83.27449035644531,86.7300033569336,87.66999816894531,82.66000366210938,83.16999816894531,1788000,86.7300033569336,
2022-05-27,87.64320373535156,91.27999877929688,91.36000061035156,87.43000030517578,88.0,1652400,91.27999877929688,
2022-05-31,86.58702850341797,90.18000030517578,92.16000366210938,87.20999908447266,89.0,1290500,90.18000030517578,
2022-06-01,82.41992950439453,85.83999633789062,90.2699966430664,83.3499984741211,89.44999694824219,1390800,,85.83999633789062
2022-06-02,86.33738708496094,89.91999816894531,89.94999694824219,84.27999877929688,86.0199966430664,1096100,,
2022-06-03,82.57357788085938,86.0,88.1500015258789,85.5999984741211,87.25,917800,86.0,
2022-06-06,83.46651458740234,86.93000030517578,90.58999633789062,86.70999908447266,88.22000122070312,961200,,
2022-06-07,85.20439147949219,88.73999786376953,89.0199966430664,84.80000305175781,84.93000030517578,778800,88.73999786376953,
2022-06-08,80.79727935791016,84.1500015258789,87.37000274658203,83.1500015258789,86.7699966430664,930000,,84.1500015258789
2022-06-09,74.8923110961914,78.0,83.8499984741211,77.8499984741211,83.56999969482422,1225700,,78.0
2022-06-10,66.77896118164062,69.55000305175781,73.69000244140625,69.4000015258789,72.87000274658203,2442400,,69.55000305175781
2022-06-13,60.40352630615234,62.90999984741211,66.27999877929688,61.72999954223633,64.4000015258789,2250300,,62.90999984741211
2022-06-14,59.10731506347656,61.560001373291016,65.18000030517578,60.16999816894531,63.47999954223633,1728800,,
2022-06-15,61.08523941040039,63.619998931884766,66.37999725341797,60.59999847412109,63.68999862670898,2465300,63.619998931884766,
2022-06-16,56.24604034423828,58.58000183105469,59.83000183105469,57.040000915527344,59.77999877929688,2270500,,58.58000183105469
2022-06-17,56.55329513549805,58.900001525878906,60.84999847412109,57.29999923706055,59.0099983215332,1953800,,
2022-06-21,59.98106384277344,62.470001220703125,63.5,61.59999847412109,62.5,1166900,62.470001220703125,
2022-06-22,59.72323226928711,62.08000183105469,63.70000076293945,59.959999084472656,60.02000045776367,1182900,62.08000183105469,
2022-06-23,59.37689971923828,61.720001220703125,62.72999954223633,58.790000915527344,62.5,1572400,,
2022-06-24,66.25546264648438,68.87000274658203,68.9000015258789,62.43999862670898,62.790000915527344,2163600,68.87000274658203,
2022-06-27,65.46660614013672,68.05000305175781,70.02999877929688,67.02999877929688,70.0,1357700,68.05000305175781,
2022-06-28,63.57137680053711,66.08000183105469,71.9000015258789,65.9000015258789,70.05000305175781,1943700,,
2022-06-29,62.14756393432617,64.5999984741211,66.69999694824219,63.95000076293945,66.30999755859375,1088500,,
2022-06-30,60.70450592041016,63.09999847412109,64.66000366210938,59.20000076293945,61.68999862670898,1708100,,
2022-07-01,63.03263854980469,65.5199966430664,66.0999984741211,61.060001373291016,62.36000061035156,1382100,65.5199966430664,
2022-07-05,62.77288055419922,65.25,65.25,60.13999938964844,62.52999877929688,1513300,65.25,
2022-07-06,62.14756393432617,64.5999984741211,66.05999755859375,62.7400016784668,64.70999908447266,1134200,,
2022-07-07,64.81240844726562,67.37000274658203,67.91999816894531,66.11000061035156,66.13999938964844,1615400,67.37000274658203,
2022-07-08,64.16783142089844,66.69999694824219,68.33999633789062,65.80999755859375,67.66000366210938,1072300,66.69999694824219,
2022-07-11,62.493900299072266,64.95999908447266,66.27999877929688,64.3499984741211,65.2699966430664,950400,,64.95999908447266
2022-07-12,61.42603302001953,63.84999847412109,67.26000213623047,63.2599983215332,63.75,1154800,,63.84999847412109
2022-07-13,59.51158905029297,61.86000061035156,63.02000045776367,59.619998931884766,61.810001373291016,1471300,,61.86000061035156
2022-07-14,56.0578727722168,58.27000045776367,58.83000183105469,56.31999969482422,58.11000061035156,2105800,,58.27000045776367
2022-07-15,61.65692138671875,64.08999633789062,64.94000244140625,60.20000076293945,61.15999984741211,2241900,64.08999633789062,
2022-07-18,60.84881210327149,63.25,67.86000061035156,62.56999969482422,66.44000244140625,1652500,63.25,
2022-07-19,66.5536880493164,69.18000030517578,69.75,65.44000244140625,65.68000030517578,2154500,69.18000030517578,
2022-07-20,67.5157241821289,70.18000030517578,70.62000274658203,68.0999984741211,68.88999938964844,1270300,70.18000030517578,
2022-07-21,68.67017364501953,71.37999725341797,71.47000122070312,67.88999938964844,69.55000305175781,1243700,71.37999725341797,
2022-07-22,67.23673248291016,69.88999938964844,72.7300033569336,68.44000244140625,71.4800033569336,1046300,,
2022-07-25,68.48738098144531,71.19000244140625,72.13999938964844,69.79000091552734,70.98999786376953,806900,,
2022-07-26,65.69747161865234,68.29000091552734,71.31999969482422,67.80000305175781,70.12999725341797,708500,,68.29000091552734
2022-07-27,68.90105438232422,71.62000274658203,72.63999938964844,68.56999969482422,69.19999694824219,1498100,71.62000274658203,
2022-07-28,70.71930694580078,73.51000213623047,73.56999969482422,68.62000274658203,71.66000366210938,1212900,73.51000213623047,
2022-07-29,73.63426971435547,76.54000091552734,77.29000091552734,73.7300033569336,73.81999969482422,2010800,76.54000091552734,
2022-08-01,71.83526611328125,74.66999816894531,75.8499984741211,73.04000091552734,74.7300033569336,990400,74.66999816894531,
2022-08-02,69.37245178222656,72.11000061035156,74.87000274658203,71.8499984741211,73.36000061035156,1134200,,72.11000061035156
2022-08-03,72.47985076904297,75.33999633789062,75.87999725341797,72.43000030517578,73.83999633789062,887500,75.33999633789062,
2022-08-04,71.70059204101562,74.52999877929688,75.68000030517578,74.19999694824219,75.11000061035156,693600,74.52999877929688,74.52999877929688
2022-08-05,73.34566497802734,76.23999786376953,77.18000030517578,73.2300033569336,73.61000061035156,1128400,76.23999786376953,
2022-08-08,73.05706024169922,75.94000244140625,78.55999755859375,75.7699966430664,77.5,793800,75.94000244140625,
2022-08-09,74.038330078125,76.95999908447266,77.66000366210938,75.97000122070312,76.5199966430664,705600,76.95999908447266,
2022-08-10,79.30067443847656,82.43000030517578,83.16999816894531,80.54000091552734,80.54000091552734,1445400,82.43000030517578,
2022-08-11,81.8308334350586,85.05999755859375,86.79000091552734,84.33000183105469,84.94999694824219,1210000,85.05999755859375,
2022-08-12,85.77518463134766,89.16000366210938,89.25,85.19000244140625,86.33999633789062,1257500,89.16000366210938,
2022-08-15,85.85213470458984,89.23999786376953,89.87000274658203,86.0,86.69999694824219,943800,89.23999786376953,
2022-08-16,87.49723052978516,90.9499969482422,92.23999786376952,88.01000213623047,88.30000305175781,1245200,90.9499969482422,
2022-08-17,86.19847106933594,89.5999984741211,90.81999969482422,87.77999877929688,87.93000030517578,1139900,89.5999984741211,
2022-08-18,86.50633239746094,89.91999816894531,90.2699966430664,88.1500015258789,89.41999816894531,766900,,
2022-08-19,81.33055877685547,84.54000091552734,88.5,83.66000366210938,88.5,1002400,,84.54000091552734
2022-08-22,75.92391967773438,78.91999816894531,80.94999694824219,78.2699966430664,80.73999786376953,1094500,,78.91999816894531
2022-08-23,75.1446762084961,78.11000061035156,80.30999755859375,77.94999694824219,78.95999908447266,736000,,
2022-08-24,76.28951263427734,79.30000305175781,79.88999938964844,77.0199966430664,77.77999877929688,693100,79.30000305175781,
2022-08-25,79.71435546875,82.86000061035156,82.91000366210938,79.11000061035156,79.93000030517578,799300,82.86000061035156,
2022-08-26,72.40287780761719,75.26000213623047,83.88999938964844,75.19999694824219,83.38999938964844,1474600,,75.26000213623047
2022-08-29,70.81550598144531,73.61000061035156,75.27999877929688,72.36000061035156,73.83999633789062,1045900,,73.61000061035156
2022-08-30,69.86311340332031,72.62000274658203,74.98999786376953,71.1500015258789,74.63999938964844,1243200,,
2022-08-31,68.09295654296875,70.77999877929688,74.27999877929688,70.66000366210938,73.51000213623047,1221200,,70.77999877929688
2022-09-01,68.8721923828125,71.58999633789062,71.69000244140625,67.38999938964844,70.0,1329400,,
2022-09-02,67.06356811523438,69.70999908447266,75.66000366210938,68.7300033569336,73.7300033569336,1853800,,
2022-09-06,66.73648071289062,69.37000274658203,71.26000213623047,67.16000366210938,70.62999725341797,2121700,,
2022-09-07,70.51728820800781,73.30000305175781,73.63999938964844,68.23999786376953,68.51000213623047,1815800,73.30000305175781,
2022-09-08,74.21150970458984,77.13999938964844,77.30000305175781,71.33999633789062,71.9800033569336,1467200,77.13999938964844,
2022-09-09,76.17405700683594,79.18000030517578,79.80000305175781,78.05000305175781,78.54000091552734,1076400,79.18000030517578,
2022-09-12,78.11737060546875,81.19999694824219,82.41999816894531,79.68000030517578,80.16000366210938,1031200,81.19999694824219,
2022-09-13,69.37245178222656,72.11000061035156,77.2300033569336,71.2300033569336,76.30999755859375,1812400,,72.11000061035156
2022-09-14,68.85295867919922,71.56999969482422,73.48999786376953,69.48999786376953,72.66999816894531,1574200,,
2022-09-15,69.45903778076172,72.19999694824219,74.83999633789062,71.13999938964844,71.44999694824219,1726100,72.19999694824219,
2022-09-16,67.47724151611328,70.13999938964844,70.43000030517578,67.81999969482422,70.01000213623047,1887400,,70.13999938964844
2022-09-19,69.5937271118164,72.33999633789062,72.5,67.76000213623047,67.95999908447266,1413400,72.33999633789062,
2022-09-20,66.6243896484375,69.04000091552734,70.91999816894531,67.04000091552734,70.58999633789062,1808300,,69.04000091552734
2022-09-21,62.41693878173828,64.68000030517578,71.0,64.62999725341797,70.20999908447266,2104500,,64.68000030517578
2022-09-22,59.17449951171875,61.31999969482422,65.37999725341797,61.09999847412109,65.01000213623047,1770400,,61.31999969482422
2022-09-23,56.54966354370117,58.59999847412109,59.91999816894531,55.81999969482422,59.720001220703125,2632500,,
2022-09-26,53.77043533325195,55.720001220703125,58.68000030517578,54.41999816894531,57.09999847412109,2037200,,55.720001220703125
2022-09-27,53.03702926635742,54.959999084472656,57.79999923706055,53.2400016784668,57.09000015258789,2679200,,
2022-09-28,56.03821563720703,58.06999969482422,59.119998931884766,54.93999862670898,55.38999938964844,2313300,58.06999969482422,
2022-09-29,54.08889389038086,56.04999923706055,56.91999816894531,53.810001373291016,56.369998931884766,2185400,56.04999923706055,
2022-09-30,52.313270568847656,54.209999084472656,58.13999938964844,53.970001220703125,56.040000915527344,1881400,,54.209999084472656
2022-10-03,56.60757064819336,58.65999984741211,59.61000061035156,53.9900016784668,55.9900016784668,2053100,58.65999984741211,
2022-10-04,63.04419708251953,65.33000183105469,65.44000244140625,61.459999084472656,61.459999084472656,2230800,65.33000183105469,
2022-10-05,61.60633087158203,63.84000015258789,64.83000183105469,61.59999847412109,62.400001525878906,1387500,63.84000015258789,
2022-10-06,58.942901611328125,61.08000183105469,63.9900016784668,60.66999816894531,62.75,1538100,,
2022-10-07,54.80299758911133,56.790000915527344,59.84999847412109,55.68999862670898,59.52999877929688,1491500,,56.790000915527344
2022-10-10,54.011695861816406,55.970001220703125,58.27999877929688,54.88999938964844,57.709999084472656,1937600,,55.970001220703125
2022-10-11,51.85971450805664,53.7400016784668,56.4900016784668,53.0099983215332,55.0,2124700,,53.7400016784668
2022-10-12,51.43511199951172,53.29999923706055,55.43999862670898,52.81999969482422,53.77000045776367,1644100,,
2022-10-13,57.6787338256836,59.77000045776367,60.310001373291016,49.619998931884766,50.29999923706055,4089500,59.77000045776367,
2022-10-14,54.83194732666016,56.81999969482422,63.58000183105469,56.5,61.7599983215332,3431400,56.81999969482422,
2022-10-17,58.856048583984375,60.9900016784668,62.27000045776367,60.0,60.41999816894531,2087000,60.9900016784668,
2022-10-18,61.82828521728516,64.06999969482422,66.12999725341797,61.9900016784668,65.3499984741211,2682700,64.06999969482422,
2022-10-19,58.894649505615234,61.02999877929688,64.0,59.869998931884766,62.18000030517578,1636300,61.02999877929688,
2022-10-20,55.91275787353516,57.93999862670898,62.5,57.459999084472656,60.5099983215332,1880200,,57.93999862670898
2022-10-21,60.83432769775391,63.040000915527344,63.25,57.15999984741211,58.11000061035156,2003400,63.040000915527344,
2022-10-24,63.31441116333008,65.61000061035156,66.51000213623047,63.650001525878906,64.13999938964844,2250200,65.61000061035156,
2022-10-25,65.55322265625,67.93000030517578,68.30999755859375,64.19999694824219,64.56999969482422,1718900,67.93000030517578,
2022-10-26,66.0936279296875,68.48999786376953,70.7300033569336,67.98999786376953,68.27999877929688,1803600,68.48999786376953,
2022-10-27,67.64729309082031,70.0999984741211,72.41000366210938,69.75,70.2699966430664,1477700,70.0999984741211,
2022-10-28,72.59782409667969,75.2300033569336,75.48999786376953,70.30000305175781,70.69000244140625,1624600,75.2300033569336,
2022-10-31,71.15029907226562,73.7300033569336,75.37000274658203,73.56999969482422,73.8499984741211,1190500,73.7300033569336,
2022-11-01,71.96089935302734,74.56999969482422,76.31999969482422,73.5,75.54000091552734,1093700,,
2022-11-02,69.16236877441406,71.66999816894531,77.91000366210938,71.4800033569336,73.95999908447266,1486900,,
2022-11-03,66.90424346923828,69.33000183105469,71.06999969482422,67.9800033569336,69.29000091552734,1214600,,69.33000183105469
2022-11-04,70.71603393554688,73.27999877929688,74.27999877929688,70.2699966430664,72.22000122070312,1297100,73.27999877929688,
2022-11-07,72.65570831298828,75.29000091552734,75.48999786376953,73.3499984741211,74.91999816894531,1046300,75.29000091552734,
2022-11-08,73.90056610107422,76.58000183105469,77.7699966430664,74.37999725341797,75.70999908447266,1652300,76.58000183105469,
2022-11-09,70.2142333984375,72.76000213623047,76.0,72.27999877929688,75.12000274658203,1324000,,72.76000213623047
2022-11-10,80.92584991455078,83.86000061035156,84.0999984741211,78.80000305175781,79.47000122070312,1920500,83.86000061035156,
2022-11-11,82.84622192382812,85.8499984741211,86.87000274658203,84.04000091552734,84.98999786376953,1479500,85.8499984741211,
2022-11-14,79.11164093017578,81.9800033569336,85.27999877929688,81.91000366210938,84.5,1235200,,
2022-11-15,79.66169738769531,82.55000305175781,85.6500015258789,80.11000061035156,84.8499984741211,1276700,,
2022-11-16,78.64842224121094,81.5,83.0,80.66999816894531,82.41000366210938,609300,,
2022-11-17,77.37461853027344,80.18000030517578,80.19999694824219,77.80999755859375,78.66000366210938,744500,,
2022-11-18,79.07303619384766,81.94000244140625,83.54000091552734,79.9800033569336,83.18000030517578,1141200,81.94000244140625,
2022-11-21,79.84504699707031,82.73999786376953,83.16000366210938,81.20999908447266,81.54000091552734,448600,82.73999786376953,
2022-11-22,82.2672119140625,85.25,85.44999694824219,84.0199966430664,84.08000183105469,671500,85.25,
2022-11-23,83.15503692626953,86.16999816894531,86.83000183105469,84.87000274658203,84.94000244140625,786300,86.16999816894531,
2022-11-25,84.14899444580078,87.19999694824219,87.38999938964844,86.01000213623047,86.63999938964844,367600,87.19999694824219,
2022-11-28,79.68099212646484,82.56999969482422,86.62999725341797,82.16999816894531,85.76000213623047,705200,,82.56999969482422
2022-11-29,81.11885833740234,84.05999755859375,84.56999969482422,81.93000030517578,82.23999786376953,838200,,
2022-11-30,85.11400604248047,88.19999694824219,88.29000091552734,80.0199966430664,83.69999694824219,1828600,88.19999694824219,
2022-12-01,83.62788391113281,86.66000366210938,89.4800033569336,84.66000366210938,88.9000015258789,1256400,86.66000366210938,
2022-12-02,82.46987915039062,85.45999908447266,85.62000274658203,83.13999938964844,83.61000061035156,969100,,
2022-12-05,76.25519561767578,79.0199966430664,83.9000015258789,77.75,83.68000030517578,1135300,,79.0199966430664
2022-12-06,74.31553649902344,77.01000213623047,80.08999633789062,75.08000183105469,78.97000122070312,898100,,
2022-12-07,73.19612121582031,75.8499984741211,78.55999755859375,75.44999694824219,75.95999908447266,755800,,75.8499984741211
2022-12-08,73.56282806396484,76.2300033569336,77.72000122070312,75.44000244140625,76.5,615600,,
2022-12-09,72.916259765625,75.55999755859375,77.0999984741211,75.20999908447266,75.2699966430664,462500,,
2022-12-12,75.62793731689453,78.37000274658203,78.73999786376953,74.5999984741211,75.62000274658203,487600,78.37000274658203,
2022-12-13,76.3517074584961,79.12000274658203,84.36000061035156,77.54000091552734,84.0999984741211,1126000,79.12000274658203,
2022-12-14,73.36980438232422,76.02999877929688,80.69999694824219,75.12999725341797,78.7300033569336,1019000,,76.02999877929688
2022-12-15,69.09481811523438,71.5999984741211,73.43000030517578,70.08000183105469,72.66999816894531,1175500,,71.5999984741211
2022-12-16,67.29989624023438,69.73999786376953,70.37999725341797,67.94000244140625,69.37999725341797,794300,,
2022-12-19,66.89459228515625,69.31999969482422,71.30000305175781,67.9000015258789,69.87999725341797,709100,,69.31999969482422
2022-12-20,67.47245025634766,69.58999633789062,71.19999694824219,68.98999786376953,69.3499984741211,599600,,
2022-12-21,70.91443634033203,73.13999938964844,73.62000274658203,71.5999984741211,71.5999984741211,675800,73.13999938964844,
2022-12-22,68.8298568725586,70.98999786376953,71.69999694824219,67.5,71.5999984741211,777000,70.98999786376953,
2022-12-23,69.93517303466797,72.12999725341797,72.36000061035156,69.80000305175781,70.83999633789062,891100,,
2022-12-27,69.9545669555664,72.1500015258789,73.0999984741211,71.19999694824219,72.56999969482422,779800,72.1500015258789,
2022-12-28,69.08193969726562,71.25,73.0,71.05000305175781,72.2699966430664,731000,,
2022-12-29,72.05851745605469,74.31999969482422,74.56999969482422,71.83000183105469,72.36000061035156,588300,74.31999969482422,
2022-12-30,71.31195831298828,73.55000305175781,73.93000030517578,71.69999694824219,72.69000244140625,507700,73.55000305175781,
